record_id,hr_med_bpm,rr_med_ms,rr_iqr_ms,rr_sdnn_ms,prematurity_index_min,comp_pause_ratio_max,pvc_like_beat_count,apb_like_beat_count,paced_like_beat_count,af_irregularity_cv,f_wave_power_ratio,p_present_ratio,p_amp_ii_med_mV,p_dur_med_ms,pr_med_ms,pr_iqr_ms,q_amp_ii_med_mV,r_amp_ii_med_mV,s_amp_ii_med_mV,qrs_dur_med_ms,qrs_dur_iqr_ms,qrs_deformed_prob,qrs_deformed_any,qrs_fragmented_any,qrs_wide_any,r_prime_v1_any,broad_r_v6_any,st_level_v1_mV,st_level_v5_mV,st_slope_v5_uV_per_ms,t_amp_v5_med_mV,t_dur_med_ms,t_inverted_right_any,qt_med_ms,qtc_med_ms,qrs_net_area_i_mV_ms,qrs_net_area_avf_mV_ms,qrs_axis_sin,qrs_axis_cos,lead_quality_min_db,delineation_confidence,u_present_v2_any,u_amp_v2_mV
149,-0.28421507099663845,0.1751632958963499,-0.518498713946213,-0.716430007296639,0.4499143980344307,,0.0,-0.2825166799729971,0.0,-0.6426051305247866,-0.26640208877736654,0.0,-0.5165611084610753,0.0,0.0,0.0,0.06664352357581875,0.6438918596323657,0.24089736159317257,0.0,0.0,-1.1848622376417264,0.0,0.0,0.0,0.7745966692414834,0.0,-0.1775512891706257,0.9885053272426376,0.29855334987000115,0.8528581131430583,0.0,-1.0339078862458586,0.0,-0.2884398808169705,-0.0001882301677495763,0.7142471115851876,0.714609026807764,0.011628113622462619,0.7651817351183393,0.5191044513761508,0.1856953381770519,1.5172234914333658
119,-0.3811623870054216,0.585061090544256,-0.6050414602982445,-0.6154074734465208,0.5339182207094433,,0.0,-0.2825166799729971,0.0,-0.5049607894111415,-0.26640208877736654,0.0,0.07037739313968859,0.0,0.0,0.0,-0.39050330189496313,0.629841478875475,0.22658084087620636,0.0,0.0,-1.1848622376417264,0.0,0.0,0.0,-1.2909944487358056,0.0,0.37226821480662603,1.1023402357026553,0.22325437566861284,0.5477750069700354,0.0,0.9672041516493516,0.0,-0.48753228711173485,0.3962053312244414,0.25520811743243366,0.2867739248999046,0.5113806371455785,1.0159529522451416,0.5191044513761508,0.1856953381770519,2.0606328491435564
23,-0.3983930935831323,0.6692365305165935,-0.5432252129039362,-0.7368812401029965,0.5841291482456522,,0.0,-0.2825166799729971,0.0,-0.7563893590293522,-0.26640208877736654,0.0,0.9939946324422613,0.0,0.0,0.0,-1.9016147194112336,-0.31578242942557566,-4.400812443660105,0.0,0.0,-0.5323221352887582,0.0,0.0,0.0,0.7745966692414834,0.0,-1.503533920544069,-0.4572837340540175,1.8211651501814312,-0.6526265170799174,0.0,0.9672041516493516,0.0,-0.5246818104591258,-0.30075559781007133,-0.3383015024190129,-0.04978786995879442,0.7382978769497216,-0.03254978297414471,0.5191044513761508,0.1856953381770519,1.7550166777318004
153,-0.4177265686897688,0.7680511774406428,-0.45668246655190486,-0.6017869607850423,0.42927671427457714,,0.0,-0.7082351407472163,0.0,-0.5013141997531383,-0.26640208877736654,0.0,-0.7391762582071872,0.0,0.0,0.0,0.3986495926166429,0.988541777401078,0.3819280577134142,0.0,0.0,-1.1848622376417264,0.0,0.0,0.0,0.7745966692414834,0.0,0.009447583059843806,0.5335909749343482,0.21179451155719767,-0.17303713478591795,0.0,-1.0339078862458586,0.0,-0.5669973992952533,0.5009771949166317,0.9261995199961838,0.6207773467355087,0.14985055991776586,0.9559443512110529,0.5191044513761508,0.1856953381770519,0.393337529030035
133,-0.5142962060526585,1.3536194555090801,-0.4195927181153199,-0.623005269093452,0.4540604832290272,,0.0,-1.257081694255978,0.0,-0.5943502315040486,-0.26640208877736654,0.0,-0.48874086031835023,0.0,0.0,0.0,0.6524885984130145,-1.3419764314420521,0.01298711329186265,0.0,0.0,0.26409769491106794,0.0,0.0,0.0,-1.2909944487358056,0.0,-1.3709607754377295,-1.00086391166912,-0.34188504559729543,-1.7278249991560926,0.0,0.9672041516493516,0.0,-0.7905899338617304,0.2524410724735536,-0.39120298609912585,-0.4057092457612649,0.8715448692127048,-2.4129964858686264,-2.7520054730514087,0.1856953381770519,-2.887803423883914
6,-0.5042138788440388,1.284083222488453,-0.518498713946213,-0.7341423521126247,0.6926683449783402,,0.0,-1.257081694255978,0.0,-0.8146739066622577,-0.26640208877736654,0.0,0.3213007278316125,0.0,0.0,0.0,0.3836272324828517,0.7052050699762415,-0.14019046803956092,0.0,0.0,1.0990281205936718,0.0,0.0,0.0,0.7745966692414834,0.0,2.0589152302165643,0.231953422393051,-0.0495793655292509,0.2231747154384931,0.0,-1.0339078862458586,0.0,-0.766204093361568,0.039173273198760135,0.4286811722020549,0.5295735009482103,0.26620994379009694,1.179593294527478,0.5191044513761508,0.1856953381770519,0.28093180137258744
109,-0.035916443534358466,-0.5458176464754136,1.10108696778466,0.649647952782491,0.08821177366819796,0.8341431846324013,0.0,-0.2825166799729971,0.0,0.5846311054619212,-0.26640208877736654,0.0,-1.1565147481484146,0.0,0.0,0.0,0.7911136291070697,-1.3134234454667468,0.11623237598778151,0.0,0.0,0.26409769491106794,0.0,0.0,0.0,-1.2909944487358056,0.0,1.1555469977016612,-1.0941659917651685,-0.2748653104054115,-1.274308627779964,0.0,0.9672041516493516,0.0,0.16053410493906475,0.3960776653754787,-0.5937200226398961,-0.5921013206738582,0.9040106976929911,-0.46090538381937196,-0.21103404381922108,0.1856953381770519,-1.7580985823729
183,-0.14871783799223648,-0.2640129126549781,-0.4937722149884898,-0.6707693136317989,0.4820710514303333,,0.0,0.3594128843097777,0.0,-0.48283422006621834,-0.26640208877736654,0.0,0.042964632391767725,0.0,0.0,0.0,0.1488170605183683,-0.3522099511697549,0.038356564561676965,0.0,0.0,0.7727580694171753,0.0,0.0,0.0,0.7745966692414834,0.0,0.6592708932952095,-1.6971488437516653,-0.5734049673355995,-1.359172349372701,0.0,-1.0339078862458586,0.0,-0.03384006698213734,0.8366547678504279,-1.134928239508753,-1.2069664799907291,0.8405201662429279,-0.12852746672244736,0.5191044513761508,0.1856953381770519,-0.3475421140256762
125,-0.5122230398347956,1.3389802485573692,2.6464931526423627,2.8018377846248472,-0.7719906747897691,-1.4868858477336442,0.0,-2.030637464543067,0.0,0.8205777678629534,-0.26640208877736654,0.0,-0.24624823400147908,0.0,0.0,0.0,-4.36884918340473,-1.290091567510185,-1.9748598260242927,0.0,0.0,-0.20605208411227324,0.0,0.0,0.0,0.7745966692414834,0.0,-0.5468404710163319,-0.846538454528486,0.22849303792345135,-1.1676528096261447,0.0,0.9672041516493516,0.0,-0.7855359374821749,1.5188305637709019,-2.026325903357325,-1.675777409079927,0.6002557086370615,-0.6547757543490893,-0.6642439656137593,0.1856953381770519,-0.823403837212928
177,-0.20073686769377458,-0.1103012396620133,-0.37013972019987335,-0.6362953407280664,0.3547411800276039,,0.0,-0.7082351407472163,0.0,-0.43384038605039965,-0.26640208877736654,0.0,-0.1283706981663434,0.0,0.0,0.0,0.5252753031881505,1.0247133611994899,0.16049692870656582,0.0,0.0,0.12021796706420729,0.0,0.0,0.0,0.7745966692414834,0.0,0.17737610177144889,0.17170277839723744,-0.010891854878319413,-0.07083895003655984,0.0,-1.0339078862458586,0.0,-0.1286817035926633,0.29605667768479144,0.6401407068594093,0.5652362454465318,0.22257967762887015,0.9528836951406265,0.5191044513761508,0.1856953381770519,0.6023728996355731
27,-0.45723178237916134,0.9876392817163068,-0.6792209571714143,-0.8283850737690351,0.9477838735136961,,0.0,-0.2825166799729971,0.0,-1.159655553778614,-0.26640208877736654,0.0,1.1928555782139814,0.0,0.0,0.0,-0.7273552640675249,0.37287452284061356,0.4659114177598655,0.0,0.0,1.0990281205936718,0.0,0.0,0.0,-1.2909944487358056,0.0,0.4634573759552231,0.049051698006903593,-0.042377760610441156,-0.9167859588237495,0.0,-1.0339078862458586,0.0,-0.6559088718626512,-0.3982722437890554,-0.4836119826821438,-0.3310625321886302,0.8515952137120305,0.5156012574632397,0.5191044513761508,0.1856953381770519,-0.12699175850912264
95,-0.37561436782283175,0.5594424783787619,-0.23414397593239603,0.0478141914755632,-0.11012138499288907,-1.2186724241386657,0.0,-1.257081694255978,0.0,0.04720318800266689,-0.26640208877736654,0.0,-1.0350766425293065,0.0,0.0,0.0,-0.8178877565564256,-1.541706065812371,-2.5280863010376495,0.0,0.0,0.44648801824069273,0.0,0.0,0.0,0.7745966692414834,0.0,-1.1772949703389344,-1.38536185734519,1.1725658042442224,-1.3457908477318554,0.0,0.9672041516493516,0.0,-0.4757925934919054,-0.7383195917770855,-1.0566365726165476,-1.9101501801999499,0.3991965248385455,-0.8202148952134496,-0.9767573407112949,0.1856953381770519,0.4427682385741791
4,-0.36867224199815507,0.5265042627374124,-0.5555884623827979,-0.760882653386491,0.782649333244892,,0.0,-0.2825166799729971,0.0,-0.8131884694993798,-0.26640208877736654,0.0,0.7915719792796406,0.0,0.0,0.0,-0.1842248116960208,-1.2153399314625777,1.2207920182956018,0.0,0.0,2.343262079014996,0.0,0.0,0.0,0.7745966692414834,0.0,0.9075343732633637,1.7394756642781901,0.4408230394019761,1.920317291599701,0.0,-1.0339078862458586,0.0,-0.4609697993327879,0.4460554088965954,-1.2593061039248632,-1.3826625598968842,0.772209330255677,-1.2652315528495992,-1.627794752264961,0.1856953381770519,0.4657152947849003
31,-0.3250945384089922,0.3361945723651702,-0.654494458213691,-0.8334157712835696,0.9498149974552171,,0.0,-0.7082351407472163,0.0,-1.1166507977687226,-0.26640208877736654,0.0,-0.6871582648130277,0.0,0.0,0.0,-0.013955845978533483,0.98841411717808,-0.29351065652663716,0.0,0.0,-0.06159304928628477,0.0,0.0,0.0,0.7745966692414834,0.0,-0.13622519929632387,-0.9161666309518837,-0.3081913682970913,-1.131737903909792,0.0,-1.0339078862458586,0.0,-0.37046945974236556,0.044852955634571194,0.5762864262353234,0.6535496513550064,0.10393360415908257,1.0428854235370435,0.5191044513761508,0.1856953381770519,0.7079013183123898
155,2.9797218085979833,-2.5770076110253055,0.5818304896724716,0.21235772347021015,-2.581038163432385,0.8341431846324013,0.0,2.7880064283929245,0.0,2.161715986544027,3.6036307735704636,0.0,-0.8549147489088414,0.0,0.0,0.0,0.42318156932066936,-1.8544732208116608,0.34369372618564237,0.0,0.0,2.343262079014996,0.0,0.0,0.0,0.7745966692414834,0.0,-0.8282969071465718,-0.08492384283028764,-0.13822048432711462,0.4787833502854831,0.0,0.9672041516493516,0.0,3.2082432272706725,-0.4538711257854902,-0.7402991013606642,-0.9013169348328003,0.9049271578525129,-0.7826001622644738,-0.9102269212357432,0.1856953381770519,1.080107508220531
83,-0.09354306444196751,-0.41040498217208743,1.879971684952943,2.1122546714575003,-2.1933844931295567,0.8341431846324013,0.0,0.3594128843097777,0.0,1.1428350688839015,-0.26640208877736654,0.0,-1.1191223011074265,0.0,0.0,0.0,0.9104440688024574,-2.1502445515679867,0.2852127497218467,0.0,0.0,-0.5323221352887582,0.0,0.0,0.0,0.7745966692414834,0.0,0.12107982058242105,0.26445615000182693,-0.051690481684754895,-0.7974951295263027,0.0,0.9672041516493516,0.0,0.06320830909213837,-1.4658737309205803,-0.3054475923473859,1.1224406323909761,-1.821910670124242,-1.3145086847842211,-1.6885908912542882,0.1856953381770519,-0.09996513798720216
185,0.019302887290062413,-0.6665911038270288,-0.6174047097771062,0.26315714645954147,-0.6734593062539519,-1.2646372318863806,0.0,0.8388763998269626,0.0,0.40202256911743517,4.026982633861483,0.0,0.7863332024630585,0.0,0.0,0.0,-0.20661691143834604,0.358913983487515,0.034055510007170976,0.0,0.0,-1.8374023399946937,0.0,0.0,0.0,0.7745966692414834,0.0,-0.6486632580944746,1.6441779355622739,0.9930779868581651,0.7308107665952303,0.0,-1.0339078862458586,0.0,0.25159233314530816,-0.8170325578898716,0.3020203980555956,0.9372776261085186,-0.4340647875043402,0.5501737672146546,0.5191044513761508,0.1856953381770519,0.16670101663519102
106,-0.0727590077952772,-0.46164220650307575,-0.6668577076925527,-0.4149348388393351,-0.107415992092593,0.159217823479247,0.0,0.3594128843097777,0.0,0.04184170679026207,-0.26640208877736654,0.0,0.3522305356389831,0.0,0.0,0.0,0.016559333274259336,-1.2007375739449375,0.5152551308863542,0.0,0.0,0.12021796706420729,0.0,0.0,0.0,-1.2909944487358056,0.0,-0.43224386641311796,0.4155837567818107,0.2549620726308673,-0.9248884625612422,0.0,0.9672041516493516,0.0,0.09888446542576108,0.24298362715032662,-1.1052942074543861,-1.301003178228295,0.8069540304160568,-0.23517867133416953,0.5191044513761508,0.1856953381770519,-0.6255546690920674
52,-0.2972367303663352,0.2264005202273382,-0.1846909780169488,-0.4055510234901264,0.2390366483831682,-0.21893051701182822,0.0,-0.7082351407472163,0.0,-0.20285327169102055,-0.26640208877736654,0.0,0.0453778533565494,0.0,0.0,0.0,0.7334884468575341,0.4676099039954777,0.7582768617858016,0.0,0.0,0.9160564492793336,0.0,0.0,0.0,-1.2909944487358056,0.0,1.259990363255634,-0.6338401008070133,-0.3270379402345521,-1.4637082422860417,0.0,-1.0339078862458586,0.0,-0.3145618683548355,-0.8561758114946726,1.4918958090922905,1.0898801136629934,-0.9850205835140357,0.11514661295578411,0.5191044513761508,0.1856953381770519,1.8631618023323475
166,-0.3266784183343785,0.3435141758410252,2.09014692609359,1.801764052120929,-0.9186899216221235,-1.3509440939558253,0.0,0.06532062953987294,0.0,0.6896788710424387,-0.26640208877736654,0.0,1.0502910480496634,0.0,0.0,0.0,-0.13194997260902194,0.8634965117609521,0.0863094368171688,0.0,0.0,-0.7117907842798608,0.0,0.0,0.0,0.7745966692414834,0.0,0.32295418086638245,0.5466991473508813,0.2582935528134251,0.6301204989682759,0.0,-1.0339078862458586,0.0,-0.3738260962196894,0.23789136160664323,0.5787071463427755,0.5301471094903449,0.2655259718686835,0.39025325663073274,0.5191044513761508,0.1856953381770519,0.41047516487238
10,-0.37261189920784177,0.5155248575236291,-0.5679517118616595,2.8064150224104933,-2.581038163432385,-1.8404543967148186,0.0,-0.7082351407472163,0.0,0.9064366869048015,-0.26640208877736654,0.0,-0.33095304033962575,0.0,0.0,0.0,-1.8489016060366743,-0.183339020601577,-0.7128826561026561,0.0,0.0,1.5683783484820364,0.0,0.0,0.0,0.7745966692414834,0.0,-1.028240671399828,0.6136948202331268,0.7684590891309878,0.3703465998742413,0.0,-1.0339078862458586,0.0,-0.46932228627681083,-0.32886663303912667,-2.0925086711454686,-2.3292877064782176,-0.18723086179338036,0.04640518761908824,0.5191044513761508,0.1856953381770519,0.6975060170692414
124,-0.4307184323888699,0.8375874104612705,-0.518498713946213,-0.719946876397099,0.6808805863533027,,0.0,-0.2825166799729971,0.0,-0.7364630728168605,-0.26640208877736654,0.0,1.287668809492324,0.0,0.0,0.0,0.6444504566592656,-0.5340879522704074,0.3560391853298033,0.0,0.0,-0.38694427693777295,0.0,0.0,0.0,-1.2909944487358056,0.0,-0.06043714242747841,-0.1984899379782915,-0.07859158036349836,-0.9965907358912071,0.0,0.9672041516493516,0.0,-0.5958741410551852,0.39968806407138724,-0.3596018740826952,-0.32724488500271326,0.8504653297564702,-1.5395337725447058,-1.9466474205877184,0.1856953381770519,-0.7855011709535917
60,-0.39325680464612134,0.6436179183510998,-0.4937722149884898,0.37564650569726715,-0.28685996509297057,-0.43877038316371647,0.0,-0.7082351407472163,0.0,0.3057474648193977,-0.26640208877736654,0.0,-0.31539517049313714,0.0,0.0,0.0,-4.322146840138488,-1.0996270444686624,-1.5706516334189051,0.0,0.0,-0.5323221352887582,0.0,0.0,0.0,0.7745966692414834,0.0,-0.44581618559323954,0.06643136769336225,0.5135728799939488,0.6340024643646196,0.0,0.9672041516493516,0.0,-0.5135307218992989,0.5305508768079261,-2.5094875782102983,-2.1563765019854726,0.10282735708438238,-0.8001735292342104,-0.9416055932713749,0.1856953381770519,0.41545762048469653
145,-0.31338047976342925,0.28861714977210967,2.250869169318792,1.8500743495421796,-0.8790556861741426,-1.4907977889366073,0.0,0.06532062953987294,0.0,0.7506858258585359,-0.26640208877736654,0.0,-0.5805426004494426,0.0,0.0,0.0,0.036605457272135856,0.8266779735800073,0.3228742498497994,0.0,0.0,-0.5323221352887582,0.0,0.0,0.0,0.7745966692414834,0.0,-0.40856900188128215,0.6322310590891396,0.1458517934108367,0.03978068021738385,0.0,-1.0339078862458586,0.0,-0.3467211848737085,-0.5283038382236435,0.37226075738899933,0.7840755923617151,-0.10596540354969468,0.7525226470146491,0.5191044513761508,0.1856953381770519,-0.4699513980321523
74,-0.38574314768683665,0.6070199009718225,-0.7039474561291376,-0.8711144625389539,1.4737397094181799,,0.0,-0.7082351407472163,0.0,-1.825704091738228,-0.26640208877736654,0.0,-1.029228005957808,0.0,0.0,0.0,0.5688131132282799,-1.4756533152250937,-0.3769504645017294,0.0,0.0,2.343262079014996,0.0,0.0,0.0,0.7745966692414834,0.0,-0.13847088078956496,-2.2996145394252117,1.087605048249618,0.36109992165812654,0.0,-1.0339078862458586,0.0,-0.4973466679182677,-1.4617307126723549,-0.6681143610739292,0.8042996830107036,-2.9045282385504367,-0.5152995225546999,-0.35053381105746356,0.1856953381770519,-0.6286664031970612
182,-0.0318866073224232,-0.5567970516891968,0.8785484771651504,0.6283679198586912,-0.5884064202460907,-1.2038930644504304,0.0,0.06532062953987294,0.0,0.537492701719482,3.0127386181546725,0.0,-0.28466869834834146,0.0,0.0,0.0,0.43917260523651636,0.9891202411349812,-0.17831634644870478,0.0,0.0,0.12021796706420729,0.0,0.0,0.0,-1.2909944487358056,0.0,0.05254131328544467,-0.03612973077115467,0.08175526114262743,0.3566018431885757,0.0,-1.0339078862458586,0.0,0.16771416347075838,0.5062805354185422,0.5939550959890747,0.4449153151981758,0.3612560238556679,0.37032616947440944,0.5191044513761508,0.1856953381770519,0.38547515666602084
50,-0.2518232618831154,0.05804964028266244,-0.6174047097771062,-0.7167125414611525,0.8659586558900942,,0.0,-0.7082351407472163,0.0,-0.6339850471205326,-0.26640208877736654,0.0,0.5796713439090689,0.0,0.0,0.0,-0.8592565864091999,-0.009051809205614643,-0.08077976475483917,0.0,0.0,1.0990281205936718,0.0,0.0,0.0,0.7745966692414834,0.0,-1.2801287004203323,0.40420474529803124,0.23364849779368685,-0.08662375503548067,0.0,-1.0339078862458586,0.0,-0.2252705663537281,0.38772811930736517,-1.4056986034452912,-1.5529831877017475,0.6818431919403457,0.4674428788543395,0.5191044513761508,0.1856953381770519,0.5111530826200998
93,-0.0286234522102468,-1.914583496460386,3.8333651026130795,2.9560001552906745,-2.581038163432385,0.8341431846324013,0.0,0.8388763998269626,0.0,2.475133873555239,-0.26640208877736654,0.0,-0.15006890006705656,0.0,0.0,0.0,-0.13370260305143433,-2.2227642409206645,-0.6990103676759539,0.0,0.0,1.7515682229466583,0.0,0.0,0.0,0.7745966692414834,0.0,-2.833920085777543,0.8351692293310065,1.09319063309265,-0.1260751805973896,0.0,0.9672041516493516,0.0,0.17314194792481324,-2.400912531503194,-0.9742822797638446,-1.5704970976236994,-3.718794678483194,-4.298340537938931,-4.060676449535115,0.1856953381770519,-0.5754275355735976
62,-0.2601477303091432,0.08732805418608432,-0.6421312087348293,-0.781476580783019,0.7080786756104808,,0.0,0.3594128843097777,0.0,-0.8284476843469565,-0.26640208877736654,0.0,0.3028504437034151,0.0,0.0,0.0,0.6042638624535508,1.227800431909927,0.8107923941239098,0.0,0.0,0.12021796706420729,0.0,0.0,0.0,-1.2909944487358056,0.0,0.09306832781001087,1.8672998650829404,0.47363418562971743,0.9371874399944686,0.0,-1.0339078862458586,0.0,-0.24135679583144293,0.38799137359091745,1.4543689423729047,0.8080093230003749,-0.15016288785786117,0.7389836318383153,0.5191044513761508,0.1856953381770519,0.05751457496461565
13,-0.407846429809781,0.7168139531096545,-0.6174047097771062,-0.6604108970344108,0.41374237708623907,,0.0,-0.7082351407472163,0.0,-0.5924344665223169,-0.26640208877736654,0.0,-0.5509088984869298,0.0,0.0,0.0,-0.6379929162541134,0.6053797741177909,3.2877930822329704,0.0,0.0,-0.5323221352887582,0.0,0.0,0.0,-1.2909944487358056,0.0,-0.07241970350355098,-0.2843449685336283,-0.9110762213842214,-0.3623888896320363,0.0,-1.0339078862458586,0.0,-0.5452668961654502,2.885913909946497,0.16316513005754021,-0.29432794559959824,0.8402746819846805,0.2508221811994774,0.5191044513761508,0.1856953381770519,0.13632387924509487
111,0.8524284280773927,-1.6620571765433723,0.9156382256017356,0.6526526651183205,-1.394617312251492,0.8341431846324013,0.0,0.8388763998269626,0.0,1.0889079986819632,-0.26640208877736654,0.0,-1.7100950563329422,0.0,0.0,0.0,0.3370034370191564,-1.820521323165919,-0.771751914481943,0.0,0.0,0.7727580694171753,0.0,0.0,0.0,-1.2909944487358056,0.0,-1.8736148937908712,-3.9119117000337673,-0.7287437845592387,-1.7775113788367929,0.0,0.9672041516493516,0.0,1.362920570547716,-0.8165743652314796,-0.4988660717261178,0.022355737936392176,0.6987762480529384,-2.030022603126852,-2.427755939219265,0.1856953381770519,1.4719759875812028
37,-0.27234277256394473,0.13124567504121712,-0.5061354644673514,-0.6270065399466049,0.6546654090893658,,0.0,-0.2825166799729971,0.0,-0.46822396612859685,-0.26640208877736654,0.0,1.026801308316855,0.0,0.0,0.0,0.6891433331668148,0.8305038707356142,0.7909412368696184,0.0,0.0,-0.20605208411227324,0.0,0.0,0.0,-1.2909944487358056,0.0,0.30782482544995343,0.12238691956504374,-0.22063758660897811,0.14750707865912327,0.0,-1.0339078862458586,0.0,-0.2651088050245213,0.23380987990543622,1.0201224084538385,0.7529027141158116,-0.05135770176049359,0.5562231822742659,0.5191044513761508,0.1856953381770519,0.4600682859079068
105,-0.31342834582474494,0.28861714977210967,2.053057177657006,1.27168396724107,-0.4518499458421013,-1.3342718659809305,0.0,0.6141671830486347,0.0,0.5900997837522162,-0.26640208877736654,0.0,-0.5196193810054195,0.0,0.0,0.0,0.5588021408726767,-1.023423576277252,0.21245439247782769,0.0,0.0,-0.8585921864652434,0.0,0.0,0.0,-1.2909944487358056,0.0,-0.5338641012941261,-0.3672258837366457,-0.056610311677167735,-0.25866349306711345,0.0,0.9672041516493516,0.0,-0.3467856569330313,-0.584022477920847,-0.21812744179890461,0.4390744351195125,0.3674046717848024,0.10946803903349107,0.5191044513761508,0.1856953381770519,-0.04610386507078592
192,3.982940694612934,-2.792935913563042,0.4087449969684089,-0.24159077873400542,,,0.0,3.4299359926756994,0.0,3.9411857109956974,-0.26640208877736654,0.0,-0.9862937234332338,0.0,0.0,0.0,0.09736004712702194,-1.2628009806623317,0.13498723266552876,0.0,0.0,1.7515682229466583,0.0,0.0,0.0,0.7745966692414834,0.0,-0.6372440999921671,-0.3399031376718052,-0.2796996460777766,0.6049634492114965,0.0,0.9672041516493516,0.0,3.855073719847561,-0.45843817786936686,-0.5132825057884908,0.08423561311673304,0.6611490521577664,-1.0578607250505419,-1.3506088565590901,0.1856953381770519,-2.15608185956204
39,-0.46140281011413686,1.0132578938818009,-0.46904571603076783,-0.6013546275755062,0.7742578246382938,,0.0,-1.257081694255978,0.0,-0.5326646959117723,-0.26640208877736654,0.0,0.5447435626045194,0.0,0.0,0.0,0.39112631062176917,0.962494194789061,0.8503694139665373,0.0,0.0,-0.20605208411227324,0.0,0.0,0.0,-1.2909944487358056,0.0,-1.2593304748851855,0.24789877230370022,-0.04309086227981443,0.7228185842031651,0.0,0.9672041516493516,0.0,-0.665616098133032,0.18731714838243047,1.8750575493798947,0.9381801405543176,-0.4363973921089873,0.730487149317301,0.5191044513761508,0.1856953381770519,-1.9353696336639785
36,-0.33090953392569017,0.36181318453066436,-0.2588704748901193,-0.5243564012579106,0.3445855070824699,,0.0,0.06532062953987294,0.0,-0.3459621362000182,-0.26640208877736654,0.0,1.9603848757719589,0.0,0.0,0.0,0.23849305608594804,0.6376244223066312,0.5188885226801697,0.0,0.0,0.44648801824069273,0.0,0.0,0.0,0.7745966692414834,0.0,0.7660170096206563,0.20329531096829892,0.035988214854517246,0.064148162138048,0.0,0.9672041516493516,0.0,-0.38258559930672126,0.2650935857010393,0.8224711168031101,0.6576632671675544,0.09800030185713339,0.6002716019856824,0.5191044513761508,0.1856953381770519,1.227621874805677
129,-0.39916144665734704,0.6728963322545217,0.42110824644727013,0.6374999702517454,-0.04296253139483147,0.8341431846324013,0.0,0.06532062953987294,0.0,0.24109480713493495,-0.26640208877736654,0.0,-0.8576765156878325,0.0,0.0,0.0,0.5582310470984431,0.0017346034868815732,0.09903640393553265,0.0,0.0,-0.20605208411227324,0.0,0.0,0.0,-1.2909944487358056,0.0,-0.005275592077396359,-0.5953112484642606,-0.30294591150148487,0.31708498334554813,0.0,-1.0339078862458586,0.0,-0.526324909407377,0.9378836433363892,-0.36062468536383635,-0.40743801344362507,0.8719590124772725,0.12847045387104689,0.5191044513761508,0.1856953381770519,0.040704489741893626
7,-0.3872578769341176,0.6143395044476779,-0.6050414602982445,0.4402832768000706,-0.3353934120181049,-1.1227889916926823,0.0,-2.030637464543067,0.0,0.24570747317054895,-0.26640208877736654,0.0,-1.9344874164305856,0.0,0.0,0.0,-2.068973660590054,-0.17920705553232255,-0.734676305211522,0.0,0.0,0.44648801824069273,0.0,0.0,0.0,-1.2909944487358056,0.0,2.1068399882054845,-0.32200167718890194,0.20364031779291147,-1.3711849759033194,0.0,-1.0339078862458586,0.0,-0.5006006958551488,-0.6363590294039148,-1.6043136524433992,-2.3002899787413122,-0.13185537419688217,0.07667366058457005,0.5191044513761508,0.1856953381770519,-0.2397398924121927
194,2.154852946763469,-2.2403058511359544,0.3716552485318242,0.13434811078326028,-2.581038163432385,0.8341431846324013,0.0,1.9365695068444861,0.0,1.448917065944956,-0.26640208877736654,0.0,-0.7546749899641528,0.0,0.0,0.0,0.6364947368287494,-1.924201839135366,0.32974583817053343,0.0,0.0,2.343262079014996,0.0,0.0,0.0,0.7745966692414834,0.0,-0.5023857344835879,-0.016606507751242613,-0.1599470848568671,0.3737711056877876,0.0,-1.0339078862458586,0.0,2.5922678750653905,-1.3283983831267805,-0.3545466065254482,0.7935851397460753,-0.12327771595921591,-0.5264516335843435,-0.37779111330505366,0.1856953381770519,-0.3610247884380899
78,0.22519582593760012,-1.0252516741439468,1.237082712052138,1.2392023617384027,0.02666297384349254,0.8341431846324013,0.0,0.06532062953987294,0.0,0.7302944600098561,-0.26640208877736654,0.0,-0.4581714639325642,0.0,0.0,0.0,0.6302950753256262,0.5777024371881138,0.5707788369390845,0.0,0.0,0.44648801824069273,0.0,0.0,0.0,-1.2909944487358056,0.0,-0.7711475099852125,0.21547567153286273,-0.07132021585634013,0.41591886042793097,0.0,0.9672041516493516,0.0,0.5660757152070247,0.3869171508640122,0.8822280837165039,0.6364869855653622,0.1281343932087069,0.2811369495102373,0.5191044513761508,0.1856953381770519,-1.7177229425505622
59,-0.4559842493152858,0.9803196782404513,-0.5926782108193829,2.000073773787026,-0.7851782984959469,-1.042779714267876,0.0,-0.2825166799729971,0.0,0.5724879443691799,-0.26640208877736654,0.0,1.9435119018081466,0.0,0.0,0.0,1.2725927941230688,0.8688781789165362,0.9762465838037752,0.0,0.0,0.12021796706420729,0.0,0.0,0.0,0.7745966692414834,0.0,-0.6398708789800935,1.4746702408532384,0.3645688825311964,1.3501103737538482,0.0,-1.0339078862458586,0.0,-0.6530497500582254,0.6833700963075214,1.997627460461755,0.860642597419238,-0.25539701549351795,0.27506552360556696,0.5191044513761508,0.1856953381770519,-0.2793677405618353
42,-0.4246231145330783,0.8046491948199201,-0.382502969678735,-0.648706885237881,0.5220907224023745,,0.0,-0.7082351407472163,0.0,-0.5817074879686605,-0.26640208877736654,0.0,0.5293449712348037,0.0,0.0,0.0,0.5109337016619764,0.6956021184380405,0.08441127099457613,0.0,0.0,-1.35919009675736,0.0,0.0,0.0,-1.2909944487358056,0.0,-0.10014614609452524,-0.3638079970080568,-0.2219060697100742,0.02386190582513418,0.0,0.9672041516493516,0.0,-0.5822827107353669,0.6909250300707228,1.0718119259828671,0.6257725108971997,0.14300293828232974,0.5142521974034634,0.5191044513761508,0.1856953381770519,-0.12431793859088723
110,0.07937645569598006,-0.7837047594407163,0.482924493841579,0.29648452961502936,-0.4392272568923292,0.8341431846324013,0.0,0.6141671830486347,0.0,0.5182963565698693,-0.26640208877736654,0.0,-1.0163136524149556,0.0,0.0,0.0,0.40937367344905057,-1.9406049451109733,0.12642238738911393,0.0,0.0,0.44648801824069273,0.0,0.0,0.0,0.7745966692414834,0.0,-0.5071114252218407,1.2426968029079364,0.18166816147010212,0.04663529912659066,0.0,0.9672041516493516,0.0,0.3469420802445657,-0.9186744426839535,-0.7773929575006523,-1.0175762135942654,0.8882483887132907,-1.1439510636746548,-1.4702498658262193,0.1856953381770519,-0.5035971445933004
168,-0.25808120047207445,0.08000845071022884,1.5708904479814019,2.8921167340713123,-0.7542798893646935,-0.7998976822956038,0.0,0.6141671830486347,0.0,0.8136919494745399,-0.26640208877736654,0.0,-0.4937657324781837,0.0,0.0,0.0,-0.7345693368748475,0.008078907645319405,0.20426150700938306,0.0,0.0,-0.8585921864652434,0.0,0.0,0.0,0.7745966692414834,0.0,-0.4892881184456424,0.6855213979346529,0.3643699198095061,2.28088364416812,0.0,0.9672041516493516,0.0,-0.23735404060627402,-2.2105314459301137,0.12019790002769186,0.7001258853276031,-3.082081050539682,0.19011945929548169,0.5191044513761508,0.1856953381770519,0.3693720184127483
200,-0.3508156460894923,0.4459886245030022,-0.6174047097771062,-0.7920037691906054,0.7121423537426815,,0.0,-0.2825166799729971,0.0,-0.9138985576085605,-0.26640208877736654,0.0,-0.7261890990206756,0.0,0.0,0.0,-0.4770647141387389,-0.13083870458091346,-0.19969052647306149,0.0,0.0,-0.5323221352887582,0.0,0.0,0.0,-1.2909944487358056,0.0,-0.11348515891756937,-0.17588823056893738,0.152886232419513,0.7428410211016367,0.0,0.9672041516493516,0.0,-0.42348518761180853,-0.6502336998659792,-0.1909777931471084,0.4750846838052422,0.3286836810349286,0.4814134156526976,0.5191044513761508,0.1856953381770519,1.238465393271302
160,-0.59550574739966,2.0050641648602165,-0.24650722541125836,-0.4665075572137205,0.3289678084408396,,0.0,-0.7082351407472163,0.0,-0.4549058826411382,-0.26640208877736654,0.0,0.11570850335228168,0.0,0.0,0.0,0.9752664969330321,1.0160483170282373,0.4033907698308531,0.0,0.0,-0.8585921864652434,0.0,0.0,0.0,0.7745966692414834,0.0,1.3595481916307777,0.8971906369205325,0.3418252361047438,0.936073628503157,0.0,-1.0339078862458586,0.0,-0.9970118990474002,-0.5933575421132111,1.1144154687203087,1.0087523210276883,-0.6423597264814288,0.9559420841929868,0.5191044513761508,0.1856953381770519,0.1389181159260042
127,-0.6128638264980831,2.1784838702119234,-0.43195596759418153,-0.5853612220902193,0.6277596703240182,,0.0,-2.030637464543067,0.0,-0.6360903714111176,-0.26640208877736654,0.0,-0.8634097225515747,0.0,0.0,0.0,0.942855231264152,-1.2327604940032182,0.191744987565825,0.0,0.0,-1.1848622376417264,0.0,0.0,0.0,-1.2909944487358056,0.0,0.25925884202993654,-1.3819601734106879,-0.3586362181554974,-1.8172601883239987,0.0,0.9672041516493516,0.0,-1.0445049213599615,1.8401609966787371,-0.12004033875986705,-0.3415715672235607,0.8546500004275058,-0.018529407580886458,0.5191044513761508,0.1856953381770519,-0.39191067583170286
158,-0.3359524209136583,0.39475140017201393,0.7796424813342577,0.3622106334433105,-0.030041877031766407,0.8341431846324013,0.0,-0.7082351407472163,0.0,0.23519270042040152,-0.26640208877736654,0.0,-0.2364404866804008,0.0,0.0,0.0,0.31942998515014037,0.5134333035258153,0.23890043802288388,0.0,0.0,-0.5323221352887582,0.0,0.0,0.0,0.7745966692414834,0.0,-0.7192088841249753,0.38240819833155226,0.09353296803739625,-0.20919099303938352,0.0,-1.0339078862458586,0.0,-0.39481646577876023,-0.631246166048331,0.18636766471644328,0.828175619013026,-0.18909324761297316,0.329993407520628,0.5191044513761508,0.1856953381770519,-0.1277583528327691
131,-0.3170540650658542,0.3032563567238206,-0.6050414602982445,-0.7912409604856643,0.8197383859770088,,0.0,-0.2825166799729971,0.0,-0.8942696849103563,-0.26640208877736654,0.0,0.7925366645377688,0.0,0.0,0.0,0.37284386975508294,0.9685747604462425,0.3211299143242204,0.0,0.0,0.3709344089729678,0.0,0.0,0.0,-1.2909944487358056,0.0,-0.18443679156558965,-0.22901079453492726,-0.031513838561087235,-0.5737754086508808,0.0,0.9672041516493516,0.0,-0.35412184138438635,1.1619534922710018,-0.5236257378380758,-0.5808541407014748,0.9027403274884506,0.7550383297482963,0.5191044513761508,0.1856953381770519,-0.620060382801092
159,-0.28616169414047987,0.18248289937220538,-0.518498713946213,-0.7099473956018982,0.7175221533995526,,0.0,0.06532062953987294,0.0,-0.6331456378283026,-0.26640208877736654,0.0,-0.0996565481320248,0.0,0.0,0.0,0.022130996948484673,0.7157073288888849,0.6700644843532154,0.0,0.0,-1.5111322888182102,0.0,0.0,0.0,0.7745966692414834,0.0,-0.09497460000414529,2.1265201912187206,0.821375218238935,1.892723751196412,0.0,-1.0339078862458586,0.0,-0.29228626363925275,-0.288937900938466,0.333878349400801,0.6658682287668696,0.08604821644428118,0.7270951640152399,0.5191044513761508,0.1856953381770519,-0.1669772271072694
175,-0.293860894198185,0.21176131327562725,-0.33304997176328843,-0.1831813222345434,0.09464950148947147,,0.0,0.06532062953987294,0.0,-0.040921105922651614,-0.26640208877736654,0.0,0.4385006831050872,0.0,0.0,0.0,0.5967226788404166,1.0405324946074062,0.4779952637230768,0.0,0.0,-1.1848622376417264,0.0,0.0,0.0,0.7745966692414834,0.0,-0.373469631345691,0.8320468263709925,0.20939916763275584,1.6944372207070684,0.0,-1.0339078862458586,0.0,-0.30755654697353474,-0.5889555993859567,1.175648174499149,1.0247733617221446,-0.6976222856233179,0.8068219418127212,0.5191044513761508,0.1856953381770519,-0.3595238770939657
140,-0.1654086626348601,-0.21643549006191756,-0.3948662191575966,-0.649007564119466,0.46156047778842557,,0.0,0.3594128843097777,0.0,-0.4472210725439797,-0.26640208877736654,0.0,-0.8411771612659258,0.0,0.0,0.0,0.564471477016553,0.469671698550582,0.5681501707947683,0.0,0.0,-0.8585921864652434,0.0,0.0,0.0,0.7745966692414834,0.0,0.38525705213454436,1.362814191555445,0.4422221874047976,0.9714590710475774,0.0,-1.0339078862458586,0.0,-0.06391109739228,0.24753796454537222,0.6783609295585943,0.5680228958511618,0.2190732399048805,0.5842557894347855,0.5191044513761508,0.1856953381770519,0.671061122845298
38,0.292649001106761,-1.1204065193300679,-0.40722946863645826,-0.12666755219173603,-0.35109340765907887,0.8341431846324013,0.0,0.3594128843097777,0.0,0.37792587219817714,-0.26640208877736654,0.0,-0.9792955178796406,0.0,0.0,0.0,-0.5815837421610847,-0.9453029414637429,-0.06787242442476303,0.0,0.0,-0.8585921864652434,0.0,0.0,0.0,0.7745966692414834,0.0,1.2614945604355705,-0.9795511507573151,-0.2780699584755281,-1.5582250213276787,0.0,0.9672041516493516,0.0,0.6621949309189007,-0.5437964711169798,-0.7350550052544825,-0.8037836346338455,0.9117100123494075,-0.8479979336962727,-1.0244215475961935,0.1856953381770519,0.49407784687880774
11,-0.37962004334164545,0.5777414870684006,-0.5926782108193829,-0.756094320956086,1.0409138164565523,,0.0,-0.7082351407472163,0.0,-0.8064388487542199,-0.26640208877736654,0.0,0.620294103823759,0.0,0.0,0.0,-2.2414978812267887,-0.18210924631574762,-0.3773725179295949,0.0,0.0,-0.7117907842798608,0.0,0.0,0.0,0.7745966692414834,0.0,2.155644561570371,0.3510501881199944,0.2267016892575642,0.01732421047413145,0.0,-1.0339078862458586,0.0,-0.4842388312950114,1.0934651178904502,-2.0310503977457235,-1.7637530931046868,0.5323214407090044,0.2920246216310243,0.5191044513761508,0.1856953381770519,0.6562843679259333
81,-0.17025703396798433,-0.20179628311020664,-0.3948662191575966,-0.5853096986623835,0.537513165385145,,0.0,0.3594128843097777,0.0,-0.3539720081092705,-0.26640208877736654,0.0,1.074820272172467,0.0,0.0,0.0,0.46500221959544247,0.9909266047215857,-0.424263299515418,0.0,0.0,0.44648801824069273,0.0,0.0,0.0,0.7745966692414834,0.0,-0.5713595776905069,-1.306452102721946,-0.29028185925756517,-0.8568091171577785,0.0,0.9672041516493516,0.0,-0.07281639732969142,0.5473729315777278,0.6726633726658735,0.48998190930950863,0.312082217726058,-0.03349631745769667,0.5191044513761508,0.1856953381770519,3.061341603488183
98,-0.35903310835124286,0.4825866418822795,-0.6297679592559677,-0.77928065542775,0.7455453096569625,,0.0,-0.2825166799729971,0.0,-0.8707650007470648,-0.26640208877736654,0.0,0.8998899539070048,0.0,0.0,0.0,0.5982721869204066,0.8702425872421312,0.17914010254240947,0.0,0.0,-0.20605208411227324,0.0,0.0,0.0,0.7745966692414834,0.0,0.18949615397920752,0.1732877806377309,-0.1776793851191248,-0.5420136990266907,0.0,0.9672041516493516,0.0,-0.44066472266392637,0.641550317607712,0.7935297194998494,0.5340000810587123,0.2609169270619169,0.8773139014679274,0.5191044513761508,0.1856953381770519,1.8655287242402854
28,-0.39769400363782487,0.6655767287786662,-0.6668577076925527,-0.7823769804721267,0.8735569446317856,,0.0,-1.257081694255978,0.0,-0.9034508743383008,-0.26640208877736654,0.0,0.7380409560006166,0.0,0.0,0.0,-0.12568490550720895,0.6826303252850833,-0.47443339948449,0.0,0.0,1.7515682229466583,0.0,0.0,0.0,-1.2909944487358056,0.0,1.4855791344833356,-0.37461429755938735,-0.07232531524901767,-1.4721530738337423,0.0,-1.0339078862458586,0.0,-0.5231389607731312,1.135636663524549,-1.000561198796628,-0.999887646063912,0.8913949033327535,1.067665288348045,0.5191044513761508,-5.385164807134505,-0.7231555334572679
24,-0.502592591194088,1.27310381727467,-0.5926782108193829,-0.6567102684196953,0.6811191569922663,,0.0,-1.257081694255978,0.0,-0.6506863650869755,-0.26640208877736654,0.0,-0.2403074148438551,0.0,0.0,0.0,1.1594923132077342,0.39729134300550895,1.8512971287433497,0.0,0.0,-0.5323221352887582,0.0,0.0,0.0,-1.2909944487358056,0.0,1.7475394166244995,-1.8433063009831743,-4.562531416790662,-1.0600668612128719,0.0,-1.0339078862458586,0.0,-0.7623064563471964,3.4375851768385024,1.8135087989632341,0.2689808043395333,0.5263126992685486,0.4107292457639097,0.5191044513761508,-5.385164807134505,-1.6093928754937645
165,-0.2454763478639818,0.03609082985509604,-0.04869523374947143,0.7757189846442295,-0.6239520839332341,0.8341431846324013,0.0,0.3594128843097777,0.0,0.47405945323198234,-0.26640208877736654,0.0,-0.682544527838874,0.0,0.0,0.0,0.45418489804082196,-0.022234768688287162,-0.1536185919198184,0.0,0.0,0.12021796706420729,0.0,0.0,0.0,0.7745966692414834,0.0,-0.1372833728525291,-0.4214824535144559,-0.06863070738982313,-0.886348699732214,0.0,0.9672041516493516,0.0,-0.2130728268276962,0.10337244352151556,-0.16540720067009762,0.05855603323798215,0.6771939493687675,-0.05236974478229655,0.5191044513761508,0.1856953381770519,0.3410894581615636
114,0.0034578167805435545,-0.6336528881856792,-0.6792209571714143,-0.841349420121986,0.7617500803493092,,0.0,0.3594128843097777,0.0,-1.029006896070883,3.912472117226271,0.0,0.24265569110198357,0.0,0.0,0.0,0.24505145468554554,0.08668003448377455,-0.07486934310763567,0.0,0.0,0.9160564492793336,0.0,0.0,0.0,-1.2909944487358056,0.0,-0.395877832912042,-0.43169665470049207,-0.020985767438733594,-0.9221858569466235,0.0,0.9672041516493516,0.0,0.22589655854573928,0.45699963663960413,-0.8762427900143542,-0.9546535571203121,0.8984441023764657,0.11310516940628827,0.5191044513761508,0.1856953381770519,1.076836314479287
132,-0.49489702721178747,1.2218665929436816,1.2988989594464457,0.42866303056955685,0.5812834869900756,0.8341431846324013,0.0,-0.2825166799729971,0.0,0.28268355522342886,-0.26640208877736654,0.0,0.12033535924622929,0.0,0.0,0.0,0.5494613886362062,0.6326757025832517,-0.40393174020054573,0.0,0.0,0.12021796706420729,0.0,0.0,0.0,0.7745966692414834,0.0,0.4759916018911443,-0.2374304791439029,0.059098646279578504,-0.4384889510834127,0.0,-1.0339078862458586,0.0,-0.743910514303707,0.7848711244345322,0.024985731739033276,-0.033320876143191624,0.7296769447247189,0.3221819763108105,0.5191044513761508,0.1856953381770519,0.09552687055029603
128,-0.46583953734761924,1.038876506047295,-0.5803149613405225,-0.6229504628167731,0.5410797720587702,,0.0,-0.2825166799729971,0.0,-0.5675522693255042,-0.26640208877736654,0.0,-0.20877261030064126,0.0,0.0,0.0,0.40891464172284653,0.4564040198127226,0.923358817016526,0.0,0.0,-0.8585921864652434,0.0,0.0,0.0,-1.2909944487358056,0.0,0.0023485472147696134,1.415819818562198,0.07565023403507368,0.5788073263410642,0.0,0.9672041516493516,0.0,-0.6757312028493402,0.3660617899295175,0.10148035059805986,0.1736636146633985,0.6002963038040655,0.5277474431808042,0.5191044513761508,0.1856953381770519,0.7404604564889355
3,-0.30142321958819734,0.24103972717904912,-0.6792209571714143,-0.7973585027566824,0.9409154075752544,,0.0,0.06532062953987294,0.0,-0.9126658397866202,-0.26640208877736654,0.0,-0.016567645121321382,0.0,0.0,0.0,0.6957666361839204,1.2024119239041742,-0.014606777166273904,0.0,0.0,-0.5323221352887582,0.0,0.0,0.0,-1.2909944487358056,0.0,1.3499838947320615,-0.5708046854188851,-0.2062651019778282,-0.36193473187937575,0.0,-1.0339078862458586,0.0,-0.3226453094565239,-0.05603448278509737,1.7251123270693134,0.9667058342566434,-0.5135853748701886,0.7827030437332874,0.5191044513761508,0.1856953381770519,-0.29851233964082874
126,-0.26425202158647704,0.10196726113779525,-0.6668577076925527,-0.8366189511774554,0.9274292344108935,,0.0,-0.7082351407472163,0.0,-1.1094211816525474,-0.26640208877736654,0.0,-0.7181310332763665,0.0,0.0,0.0,-0.07749177071525042,-1.9052232800032822,0.24960840689599534,0.0,0.0,-0.20605208411227324,0.0,0.0,0.0,0.7745966692414834,0.0,0.31173630295272026,0.034416272051406994,0.004502803811396879,-0.992404700871705,0.0,0.9672041516493516,0.0,-0.2493251097345993,0.655871686111472,-1.084567376355285,-1.1483843417000381,0.8580672576086886,-1.8622310956072436,-2.2731852380382276,0.1856953381770519,-0.28058367409400303
117,0.0017209327905962526,-0.6299930864477514,-0.2217807264535337,-0.4793882435099593,0.12518940360967193,,0.0,0.3594128843097777,0.0,-0.135419324681751,3.7603665830768067,0.0,-0.6258501000422486,0.0,0.0,0.0,-0.0373039517961647,0.9819150936987963,-0.33584217473851613,0.0,0.0,-0.8585921864652434,0.0,0.0,0.0,0.7745966692414834,0.0,-0.4362473031382199,-0.10472622500889925,0.17063437156837327,0.8967163564256581,0.0,-1.0339078862458586,0.0,0.2230671104631314,-1.6267317025063013,0.8718869303070089,1.1245187088002755,-1.762103009256056,0.7551440187695776,0.5191044513761508,0.1856953381770519,0.04543089019364304
90,0.15482844615101524,-0.9154576220061147,1.8676084354740814,1.9214390392344116,-0.6975748030263568,0.8341431846324013,0.0,0.6141671830486347,0.0,0.9353327755563958,-0.26640208877736654,0.0,-1.0429035631976058,0.0,0.0,0.0,0.8071415901722881,-2.25028762083966,-0.0404710567311424,0.0,0.0,1.0990281205936718,0.0,0.0,0.0,0.7745966692414834,0.0,0.33122447438880953,-1.4690720175911711,-0.24304943361486023,0.17969164785339,0.0,0.9672041516493516,0.0,0.4623790936739243,-1.288050898803714,-0.540758892621146,0.9632492820142543,-0.5038503982336865,-2.5481234738114233,-2.8588801483808646,0.1856953381770519,-1.041417948774919
71,-0.4135248581008392,0.7460923670130764,-0.30832347280556516,-0.41868802222771995,0.3950674570533911,,0.0,-0.2825166799729971,0.0,-0.2914423638011691,-0.26640208877736654,0.0,0.7485688494971255,0.0,0.0,0.0,0.17328424080516797,0.6471907624998919,0.24198356788009706,0.0,0.0,-0.8585921864652434,0.0,0.0,0.0,0.7745966692414834,0.0,0.30945535095647164,-0.19327596849278986,-0.025836853992745084,-0.865753688511504,0.0,-1.0339078862458586,0.0,-0.5577321884257948,-0.647003638885638,0.7297225409701549,0.9681190920174398,-0.5175984733807435,0.9881469366483316,0.5191044513761508,0.1856953381770519,-0.11056176657003959
135,-0.25391903474389366,0.06536924375851791,-0.33304997176328843,0.8339142160417967,-0.469606888763106,-1.3610060188524546,0.0,0.06532062953987294,0.0,0.4473042075103354,-0.26640208877736654,0.0,-0.6244091892574246,0.0,0.0,0.0,0.6184802409279183,0.9511097561468255,0.3159429544961242,0.0,0.0,-0.8585921864652434,0.0,0.0,0.0,-1.2909944487358056,0.0,1.0670684639991839,1.4240005508051496,0.5093376901958673,1.4790649631446602,0.0,-1.0339078862458586,0.0,-0.22931099448852116,-0.018412914103465922,0.8431710751511388,0.7868856286416271,-0.11104794562748312,0.09427459973089433,0.5191044513761508,0.1856953381770519,-0.5193246458170135
104,-0.31703044454880025,0.3032563567238206,-0.6050414602982445,-0.7720959603313445,0.7803683764165721,,0.0,0.06532062953987294,0.0,-0.8214822265376143,-0.26640208877736654,0.0,-0.6350778787912416,0.0,0.0,0.0,-0.9383819581308187,-1.071929605524603,-2.8502766278699343,0.0,0.0,1.4252981717701578,0.0,0.0,0.0,0.7745966692414834,0.0,0.2524572303289828,-0.4822398023699826,-6.396809563652591,3.291093609741831,0.0,-1.0339078862458586,0.0,-0.3540899331042366,-1.4212085733110982,-0.6892492116168548,1.0261210899244972,-0.7024643625515133,-0.5355950417716927,-0.39982363305713015,0.1856953381770519,2.8184923125570838
91,-0.11353642328144685,-0.35916775784109917,-0.4937722149884898,-0.3015906658746261,0.03761753488631951,0.8341431846324013,0.0,0.6141671830486347,0.0,0.029961062985956074,-0.26640208877736654,0.0,-0.30585746504624883,0.0,0.0,0.0,0.9033899605566493,-0.9948329495466902,0.45747628014744035,0.0,0.0,0.44648801824069273,0.0,0.0,0.0,0.7745966692414834,0.0,0.6417358753698672,0.8799819099144711,0.32006140373930986,0.10492509103951245,0.0,0.9672041516493516,0.0,0.02844280039023747,0.6059808329359176,-0.3671754141977148,-0.3802626286441662,0.8651994623220074,-2.0532093643732834,-2.4484416289055404,0.1856953381770519,-0.5732643574808557
5,-0.40641301332969376,0.709494349633799,-0.5432252129039362,-0.5792006495490256,0.6822315813993122,,0.0,0.06532062953987294,0.0,-0.4687062219072707,-0.26640208877736654,0.0,-0.28295568167445156,0.0,0.0,0.0,-1.0085822439900787,0.22410029374290252,0.36569210655345064,0.0,0.0,1.0990281205936718,0.0,0.0,0.0,-1.2909944487358056,0.0,1.942365300092885,0.3590299655386049,0.0980188753855029,0.6137030708040071,0.0,-1.0339078862458586,0.0,-0.5421303895919727,-0.09430625524779633,-1.0258524616083087,-1.2732957608945228,0.8175480957360413,0.3822196355197667,0.5191044513761508,0.1856953381770519,0.3386869932501381
154,-0.2763394881172063,0.14588488199292804,-0.5555884623827979,-0.757004628163173,0.6070223286350356,,0.0,-0.2825166799729971,0.0,-0.7498300147305824,-0.26640208877736654,0.0,0.08199717553378395,0.0,0.0,0.0,0.2572834373502945,0.8284786086791153,0.23622784713064124,0.0,0.0,-0.20605208411227324,0.0,0.0,0.0,0.7745966692414834,0.0,0.5949590112965439,0.9979893478358396,0.37201858381751185,1.1061575379084447,0.0,-1.0339078862458586,0.0,-0.2729372596962319,-1.0867305717692877,0.5242497737258037,1.0861280824808064,-0.9640916955399665,0.918482845048464,0.5191044513761508,0.1856953381770519,-0.14159727760987373
80,-0.20308484190492085,-0.10298163618615783,-0.6297679592559677,-0.8232521441493029,0.7588148234537133,,0.0,0.3594128843097777,0.0,-0.9930105717518228,-0.26640208877736654,0.0,2.327604449403675,0.0,0.0,0.0,0.6825087461890905,1.1862382469572108,0.0346482759666294,0.0,0.0,0.7727580694171753,0.0,0.0,0.0,-1.2909944487358056,0.0,1.7281186289852846,-1.2472674861663793,-0.2779886839549227,-1.027839435819949,0.0,-1.0339078862458586,0.0,-0.13304009755442123,0.15003303773226576,1.3293455164065917,0.8390638281090134,-0.21080674706070468,-0.1963175952026671,0.5191044513761508,0.1856953381770519,-0.9773059465501754
85,-0.20073686769377458,-0.1103012396620133,-0.543225212903937,-0.718208930371257,0.5582079791430014,,0.0,-0.7082351407472163,0.0,-0.6095420983148893,-0.26640208877736654,0.0,1.7827277159286352,0.0,0.0,0.0,0.24268126839948537,0.5987025176611974,0.19807883816246297,0.0,0.0,-0.8585921864652434,0.0,0.0,0.0,0.7745966692414834,0.0,-0.40548994567181795,0.3415597426191755,0.2148652864839903,-0.4733000148431927,0.0,0.9672041516493516,0.0,-0.1286817035926633,0.11438697082635056,0.5038896261943375,0.5267687929129214,0.26954612575300513,0.7032355641771054,0.5191044513761508,0.1856953381770519,0.6983957481340249
51,-0.2236524121185786,-0.03710520490345863,1.6697964438122954,0.209416614524431,-0.21399966303334908,0.8341431846324013,0.0,-0.7082351407472163,0.0,0.7507892067335512,-0.26640208877736654,0.0,-0.9302258279179185,0.0,0.0,0.0,-3.9861393994126377,-0.9115062775655661,-5.594679105064375,0.0,0.0,-1.1848622376417264,0.0,0.0,0.0,-1.2909944487358056,0.0,0.7400798591662899,-1.0061501626379563,2.10550568913112,-1.0893221485263553,0.0,-1.0339078862458586,0.0,-0.17156364888981593,2.2210947927368228,-2.5362444790122725,-1.7569096542183111,0.5379105459132792,-0.39097359830165523,-0.013076414717101961,-5.385164807134505,-0.9119443866600945
103,0.9175496540116965,-1.705974797398505,0.4087449969684089,0.9392132021595515,-2.581038163432385,0.8341431846324013,0.0,1.3877229533357243,0.0,0.9325263003437532,-0.26640208877736654,0.0,1.351845991113585,0.0,0.0,0.0,0.7873635384519116,-0.11731612742675085,1.8021231122861336,0.0,0.0,-1.5111322888182102,0.0,0.0,0.0,0.7745966692414834,0.0,-0.812438734335252,-0.19660215561248204,-0.1601908926323444,0.9363445602893777,0.0,0.9672041516493516,0.0,1.4354832928129047,-0.089165659535997,0.8577070074143316,0.7977250162382409,-0.13091545522075082,-0.4899500519633256,-0.28692836151479906,0.1856953381770519,0.6739530449649478
65,-0.0527075020300278,-0.5092196290961363,-0.6792209571714143,-0.8624943790781976,1.235252626988318,,0.0,0.06532062953987294,0.0,-1.2575085490254472,-0.26640208877736654,0.0,3.1544117008505093,0.0,0.0,0.0,-1.155143175981549,-0.04770181412520116,0.18518906976170904,0.0,0.0,1.4252981717701578,0.0,0.0,0.0,0.7745966692414834,0.0,-0.8568403119966492,-0.0917005855343483,0.07318407735355194,-0.325504041663891,0.0,0.9672041516493516,0.0,0.13286743992037564,0.7960100202546875,-2.455825815132017,-2.0442634760389744,0.2510148418260571,0.26144363420462563,0.5191044513761508,0.1856953381770519,0.4566603338134749
29,-0.3161515913084838,0.2995965549858929,-0.6792209571714143,-0.8104148144271132,1.016070441423163,,0.0,-1.257081694255978,0.0,-0.981342911512534,-0.26640208877736654,0.0,0.25008102257455916,0.0,0.0,0.0,0.8144960741690143,1.2024464311291239,0.25793659569785293,0.0,0.0,-0.5323221352887582,0.0,0.0,0.0,0.7745966692414834,0.0,1.6858103278495764,-0.812335820669619,-0.2827542924580267,-1.406827068335399,0.0,-1.0339078862458586,0.0,-0.3522931335997308,0.8220277664584141,1.355850494377937,0.678110783501503,0.06791677491626986,0.6702933496076211,0.5191044513761508,0.1856953381770519,0.773648336587908
181,0.5007981524156788,-1.354633830557443,1.2494459615309996,2.197029626680001,-0.5688989421210153,0.8341431846324013,0.0,1.0398856438228548,0.0,1.0217877280944636,-0.26640208877736654,0.0,-0.11567974789776096,0.0,0.0,0.0,0.5027540507223616,-1.4627906657900578,-0.06860156001026523,0.0,0.0,0.8848081642717356,0.0,0.0,0.0,0.7745966692414834,0.0,0.2317204127232121,-0.2642787858536287,-0.18241927391809817,0.2688165917676636,0.0,0.9672041516493516,0.0,0.9368151658619128,-0.04886089527629489,0.12360581764534997,0.598288530252352,0.18003645156883488,-0.09323855506014216,0.5191044513761508,0.1856953381770519,-0.2608366915133198
107,-0.3702525887569666,0.5338238662132678,-0.6174047097771062,-0.8145229205188266,0.9105306200435398,,0.0,-0.2825166799729971,0.0,-1.0294730779020598,-0.26640208877736654,0.0,-0.052000652583913266,0.0,0.0,0.0,-1.7230558382757195,-0.24176356880847374,-0.6666972946885742,0.0,0.0,1.2421909569741776,0.0,0.0,0.0,0.7745966692414834,0.0,0.8065996244360302,-0.19552178018399816,0.29948789066335146,-0.9831480056446136,0.0,0.9672041516493516,0.0,-0.46431713546960757,-0.36980257568057795,-1.071146585625173,-1.4712888384957394,0.7283200541648558,0.7832308890839114,0.5191044513761508,0.1856953381770519,1.1111714742602052
151,0.39781520854686003,-1.2521593818954662,2.250869169318792,1.8101765588383147,-1.1331797549532654,0.8341431846324013,0.0,1.0398856438228548,0.0,1.1497501633823708,-0.26640208877736654,0.0,1.2159835364468625,0.0,0.0,0.0,0.07882734855265812,0.024784432852713,0.03544743786695569,0.0,0.0,0.7727580694171753,0.0,0.0,0.0,0.7745966692414834,0.0,-0.5082705957867002,-0.21509812569663786,-0.052396563216617995,0.10197163504862033,0.0,-1.0339078862458586,0.0,0.8062270778989323,0.21274801978206626,-0.7062679900839496,-0.7400969809010921,0.9120789068688496,-0.266429385939122,0.4107496137947075,0.1856953381770519,0.6778975767674471
8,-0.24334060878390898,0.028771226379240573,-0.654494458213691,-0.5107648954820334,0.12043918000567089,,0.0,-0.2825166799729971,0.0,-0.2843617132273788,-0.26640208877736654,0.0,-1.158050504151566,0.0,0.0,0.0,-2.377639056580072,-1.5168877567871843,-1.6312296793673329,0.0,0.0,1.4252981717701578,0.0,0.0,0.0,-1.2909944487358056,0.0,1.2122754877095416,1.2247959478465356,1.2070809135106304,0.9139451739179001,0.0,-1.0339078862458586,0.0,-0.2089811935091214,-1.2023955927858658,-1.3644501661777164,-2.470460012211595,-0.8489634373827808,-0.3636472676963679,0.07107724023427471,0.1856953381770519,0.012445437940930103
199,-0.3902692670877576,0.6289787113993889,-0.20941747697467206,-0.3026009911745725,0.3480345747653925,0.8341431846324013,0.0,-0.7082351407472163,0.0,-0.14795375642501624,-0.26640208877736654,0.0,-1.2578527624310438,0.0,0.0,0.0,0.40527457212778856,0.723482859439267,-0.47759418462786013,0.0,0.0,-0.20605208411227324,0.0,0.0,0.0,0.7745966692414834,0.0,-0.43239179799925875,-0.5581203256227919,-0.01668377495084784,-0.013139817279206219,0.0,0.9672041516493516,0.0,-0.5070828461238026,0.22741151563422277,0.6178646821768219,0.5758552096974053,0.20913987998357764,0.8176329431790155,0.5191044513761508,0.1856953381770519,0.6442283304143581
186,0.3091693631950525,-1.1423653297576342,2.807215395867565,1.839711230247831,-0.9118893971702025,-1.0740925003885848,0.0,0.06532062953987294,0.0,1.1076763135168397,-0.26640208877736654,0.0,0.3641488045749947,0.0,0.0,0.0,0.7494774376501876,1.1090103356790633,0.383394249460122,0.0,0.0,1.0990281205936718,0.0,0.0,0.0,-1.2909944487358056,0.0,-0.05553584670310764,0.40133125660080043,0.13044040318735217,0.32947484183725145,0.0,-1.0339078862458586,0.0,0.6852756512755472,-1.0476860268679293,0.8909859122060251,1.0899378808022389,-0.985349507991685,0.3611624625453638,0.5191044513761508,0.1856953381770519,-0.1965197825964209
70,-0.011956657183705052,-0.6007146725443296,-0.5803149613405212,-0.7182937520296456,0.5217408007715288,,0.0,0.6141671830486347,0.0,-0.528850174229393,3.796735051014199,0.0,0.06752734164876277,0.0,0.0,0.0,0.4144708866684343,0.9950718108740341,-0.06465164334836457,0.0,0.0,-0.8585921864652434,0.0,0.0,0.0,-1.2909944487358056,0.0,-0.11919381608492652,0.3658086409561578,0.15291987673589164,-0.6007774131852303,0.0,-1.0339078862458586,0.0,0.20066849197501474,0.3096640352512505,0.7979745981095985,0.6116612096808752,0.1622121761614382,0.8552642603988969,0.5191044513761508,-5.385164807134505,-1.1806843587063829
116,1.4995885313648194,-2.3208214893703643,1.595616946939125,1.0262064884915674,,,0.0,1.6818152081056286,0.0,2.5944301064674637,4.059662953842236,0.0,3.1380878109015495,0.0,0.0,0.0,0.8976059306501508,0.016855166914824794,1.2751152348803272,0.0,0.0,0.44648801824069273,0.0,0.0,0.0,-1.2909944487358056,0.0,1.396301546021344,-0.5092167977413481,-5.555884313308013,0.40252015818068065,0.0,0.9672041516493516,0.0,2.0247649383520225,3.7685964986447464,-1.9561760432357762,-1.2118324679758066,0.8389479493155442,-0.4202979349513231,-0.09892255542831441,0.1856953381770519,-0.571602408033951
121,0.09133735754878697,-0.8056635698682827,-0.518498713946213,0.5669070680962233,-0.6897738861778059,-1.5830316902851087,0.0,0.6141671830486347,0.0,0.5509700775743972,-0.26640208877736654,0.0,0.8106124432016919,0.0,0.0,0.0,0.5807947224018677,-1.3878613495732686,-0.13914435178591592,0.0,0.0,0.7727580694171753,0.0,0.0,0.0,0.7745966692414834,0.0,-0.10266418145087329,-0.22634440166167516,-0.0936912612854087,-0.43113793364343783,0.0,0.9672041516493516,0.0,0.36555207206565793,-0.2120710952930692,-0.12659145646206246,0.15352234585107172,0.6146965565637729,-2.4653116605718557,-2.7937852957030107,0.1856953381770519,-2.877532904551722
118,-0.31342834582474494,0.28861714977210967,-0.6297679592559677,-0.7545024307997588,0.657023720003293,,0.0,-0.7082351407472163,0.0,-0.7628788318223706,-0.26640208877736654,0.0,0.5907089269859961,0.0,0.0,0.0,0.8803266317268276,0.6935693850987271,0.7909596749596713,0.0,0.0,0.44648801824069273,0.0,0.0,0.0,-1.2909944487358056,0.0,-0.4073257193107103,0.7711118713674624,0.19900586719479157,0.9303819241260831,0.0,0.9672041516493516,0.0,-0.3467856569330313,1.053670973312538,0.5014110617336006,0.22782203501872553,0.5594734344888763,-0.3295031818178604,0.1825770462250172,0.1856953381770519,0.08901621386750388
102,-0.31795261502427963,0.3069161584617483,-0.6792209571714143,-0.8007906168212495,0.7997915783573054,,0.0,0.06532062953987294,0.0,-0.935129636366108,-0.26640208877736654,0.0,0.4931375275471918,0.0,0.0,0.0,0.5688354247677998,1.0284026501842283,0.1963389294599988,0.0,0.0,-1.1848622376417264,0.0,0.0,0.0,0.7745966692414834,0.0,-0.9886878431735432,-0.3647000675514911,-0.1986599263139338,-0.38403653655715814,0.0,0.9672041516493516,0.0,-0.35594524471970734,0.4317901812357538,0.7727800960778868,0.5811516289331661,0.2023567258728622,1.241067884063026,0.5191044513761508,0.1856953381770519,0.6483123942830926
67,-0.43004683872171495,0.8339276087233419,-0.4937722149884898,-0.6345150231282728,0.48319289748030236,,0.0,-0.2825166799729971,0.0,-0.560267161253865,-0.26640208877736654,0.0,0.028051734138672773,0.0,0.0,0.0,0.16441499745429522,1.1232241357990684,-0.21500341047293509,0.0,0.0,-0.8585921864652434,0.0,0.0,0.0,0.7745966692414834,0.0,1.1589702240002286,-0.7927325998229738,-0.09718918337416613,-0.9208421206776557,0.0,-1.0339078862458586,0.0,-0.5943724093841201,-0.4311568332524612,1.2675576918712042,1.00045910570691,-0.6152572328144658,1.1862269707718542,0.5191044513761508,0.1856953381770519,-0.1789236714506087
169,3.8812890031995666,-2.6904614649010656,0.37165524853182397,0.010774598835690947,-2.581038163432385,0.8341431846324013,0.0,3.4299359926756994,0.0,2.2316293018574935,-0.26640208877736654,0.0,-1.2140594384391286,0.0,0.0,0.0,0.546132735405127,-1.9697650290435202,0.05543336674184657,0.0,0.0,2.343262079014996,0.0,0.0,0.0,0.7745966692414834,0.0,-0.8268245060859731,-0.2704950703896669,-0.20271508665973959,-1.138542130140718,0.0,-1.0339078862458586,0.0,3.793561552157797,-0.7649956349651739,-0.12972441809132917,0.7543250016340927,-0.05378107834232388,-1.397236851717897,-1.7869697844282546,0.1856953381770519,-1.0178047486872477
167,-0.2723473823128045,0.13124567504121712,-0.43195596759418153,-0.4358548346228348,0.2878225901544279,,0.0,-0.2825166799729971,0.0,-0.23508720081056875,-0.26640208877736654,0.0,-1.397550017660888,0.0,0.0,0.0,0.4501103057431392,0.6781138505379132,-0.014650644817536333,0.0,0.0,-1.1848622376417264,0.0,0.0,0.0,0.7745966692414834,0.0,-0.3542127547201716,0.7591615443468513,0.4440415434351026,1.036652159720281,0.0,-1.0339078862458586,0.0,-0.26511481761729455,-0.24010355596159763,0.4711347097457452,0.7136751654378325,0.013112041946848755,0.8635215315169025,0.5191044513761508,0.1856953381770519,0.031145562941345725
77,-0.1960233094648983,-0.12494044661372423,-0.6050414602982445,1.2322126236847908,-0.7859257432312883,,0.0,0.3594128843097777,0.0,0.6627530749862205,-0.26640208877736654,0.0,2.5975314298899272,0.0,0.0,0.0,0.5485461311995864,0.6317505144305167,0.1816098711210099,0.0,0.0,-0.8585921864652434,0.0,0.0,0.0,-1.2909944487358056,0.0,-0.5893280549531243,1.16546007833702,0.277590573588727,0.41281193061244953,0.0,0.9672041516493516,0.0,-0.11994314784482744,0.2077894057569172,0.36008472864753244,0.4383514209654032,0.3681623036767372,-0.3623988556847847,0.07502497509090006,0.1856953381770519,-2.1471671340199405
179,-0.3424208675293133,0.4093906071237249,-0.6174047097771068,-0.7447689848976603,0.5179627685689479,,0.0,0.3594128843097777,0.0,-0.7471190731929214,-0.26640208877736654,0.0,0.3688440129646881,0.0,0.0,0.0,0.821254766167545,0.20794168499599688,-0.01775278370842352,0.0,0.0,-2.0030469774386397,0.0,0.0,0.0,0.7745966692414834,0.0,0.2963336698962025,-0.396539922821001,-0.17102639126787647,-0.9016925796588638,0.0,-1.0339078862458586,0.0,-0.4060594181949639,0.8170732323512921,0.6362834351470932,0.399658299365357,0.4076170380555383,0.5112541929319236,0.5191044513761508,0.1856953381770519,0.7092848140526294
12,-0.46094740788292043,1.0095980921438732,-0.4072294686364596,-0.5419099310171713,0.4975152243021579,,0.0,-1.257081694255978,0.0,-0.4548672540868902,-0.26640208877736654,0.0,-0.5079573629183542,0.0,0.0,0.0,-0.8496826924125135,-1.0190128032668637,0.08678958375578645,0.0,0.0,0.7727580694171753,0.0,0.0,0.0,-1.2909944487358056,0.0,0.7890558287138586,0.4226976320294505,0.12084034542285782,0.9016653863306086,0.0,-1.0339078862458586,0.0,-0.6644449667973722,-0.6177936913436052,-1.1590347094774092,-1.829880249855083,0.47550130239776106,-0.6326783367209892,-0.6181075305124506,0.1856953381770519,-0.08829449109545896
41,-0.5281482083900105,1.4524341024331282,-0.5803149613405212,-0.749333177994041,0.5946044825880825,,0.0,-0.7082351407472163,0.0,-0.8740240517499894,-0.26640208877736654,0.0,0.659608124533386,0.0,0.0,0.0,0.15963546411724183,1.157791484498918,0.8999766836927136,0.0,0.0,-1.1848622376417264,0.0,0.0,0.0,0.7745966692414834,0.0,-2.5934397440230414,2.127880631175317,0.8468139027130029,2.5434891141132185,0.0,0.9672041516493516,0.0,-0.8244721823952537,1.3566789528971388,1.156952974371167,0.4621581768112409,0.34280884716175875,0.65831942348163,0.5191044513761508,0.1856953381770519,-1.4366312882471952
172,-0.4783415724447329,1.1157323425437766,-0.5308619634250761,1.9269257145713565,-0.7960600363047252,-1.1497676674551287,0.0,0.3594128843097777,0.0,0.5487621187539153,-0.26640208877736654,0.0,-0.3167578106299743,0.0,0.0,0.0,0.5503033102437848,0.8083450028877508,0.5009280739230807,0.0,0.0,-0.8585921864652434,0.0,0.0,0.0,-1.2909944487358056,0.0,-0.020183981359819612,0.4065991867487926,0.1025295524388314,1.4692497736448622,0.0,0.9672041516493516,0.0,-0.7048321777706449,1.0629759595613337,1.0548771641757166,0.5097547494630009,0.2894977845925154,0.7144276390356328,0.5191044513761508,0.1856953381770519,0.09515700107830713
174,-0.388766571403521,0.6216591079235334,-0.518498713946213,-0.6154483679097871,0.4398668122830461,,0.0,-1.257081694255978,0.0,-0.5031264831711062,-0.26640208877736654,0.0,-1.6156493878242433,0.0,0.0,0.0,-0.06626380245277697,0.32567125106888783,-0.6590460911709097,0.0,0.0,-0.5323221352887582,0.0,0.0,0.0,-1.2909944487358056,0.0,-0.2190102900012099,-0.5748739080258414,0.07346848847091836,-0.1087001029954107,0.0,0.9672041516493516,0.0,-0.5038460752083348,-2.4063109876302438,0.12265966834716908,0.6161846379447842,-3.203802766487805,0.8834971762897522,0.5191044513761508,0.1856953381770519,0.29817423252696307
88,0.028434985373365865,-0.6848901125166674,0.13675350843345307,0.01997500883848997,-0.07043039749690592,0.8341431846324013,0.0,0.3594128843097777,0.0,0.4636751556891935,-0.26640208877736654,0.0,-0.8580410117010238,0.0,0.0,0.0,0.8092004192900133,-0.5058992942625313,0.04254900551087175,0.0,0.0,-0.7117907842798608,0.0,0.0,0.0,0.7745966692414834,0.0,-1.2183312485499584,-0.34227648896079765,-0.10210723811322236,-1.25612670030081,0.0,0.9672041516493516,0.0,0.2662216406621032,-0.013088311439741887,0.04997652561194195,0.24858629550660757,0.5429813125061045,-0.42406982982745256,-0.10965411160296881,0.1856953381770519,-0.0487980607347245
63,-0.2368720784600524,0.006812415951674173,-0.04869523374947143,-0.3021159730630874,0.1848311296660638,,0.0,0.3594128843097777,0.0,-0.08626573724460429,-0.26640208877736654,0.0,0.9230691682723101,0.0,0.0,0.0,0.8191328685695706,1.2956319277857515,0.292638822058349,0.0,0.0,0.44648801824069273,0.0,0.0,0.0,0.7745966692414834,0.0,0.4997518782355118,0.7978249083947495,0.17779066959041268,1.3221276044694117,0.0,-1.0339078862458586,0.0,-0.19662812997144186,0.07769049193933583,1.0378184464748625,0.7913560956153733,-0.1191909282724053,1.0222167727633344,0.5191044513761508,0.1856953381770519,1.1215060070278373
40,-0.3318793339685109,0.36547298626859165,-0.29596022332670424,-0.5347231065980461,0.31172382779838204,,0.0,0.6141671830486347,0.0,-0.3566711823334281,-0.26640208877736654,0.0,-0.037155145665275745,0.0,0.0,0.0,0.5331243031767653,0.7365800806758906,0.5282057084397085,0.0,0.0,-0.7117907842798608,0.0,0.0,0.0,-1.2909944487358056,0.0,-1.3446505462644651,0.15903737237224178,0.024687367339246393,0.20976539508454545,0.0,0.9672041516493516,0.0,-0.3845062879495684,-0.1484299389888671,0.7987340800713494,0.7908529483712984,-0.11827090350995799,0.9041371397350246,0.5191044513761508,0.1856953381770519,-1.2985569920954114
61,-0.35576321474512645,0.4679474349305686,-0.5679517118616595,-0.7462451692562778,0.5950100307993091,,0.0,0.06532062953987294,0.0,-0.7582908019560356,-0.26640208877736654,0.0,1.3674217747859267,0.0,0.0,0.0,-0.282830134915198,0.8842916799736141,-0.4374962638914876,0.0,0.0,0.26409769491106794,0.0,0.0,0.0,0.7745966692414834,0.0,2.5441022101177526,-0.9628538629105904,-0.1935553836588107,-1.7418639498404398,0.0,-1.0339078862458586,0.0,-0.4338167328586158,0.551084403495192,-1.2020897150175398,-1.3248900185375785,0.7973397220744552,-0.565219358637766,-0.4693519989396091,0.1856953381770519,1.6707477355333038
195,-0.293860894198185,0.21176131327562725,0.0625740115602833,-0.04950732227714582,-0.02990752873691901,,0.0,-0.2825166799729971,0.0,0.062097484589190025,-0.26640208877736654,0.0,-0.9594165282795155,0.0,0.0,0.0,0.7693432250751658,0.4413566537072623,-0.003533350863596325,0.0,0.0,-0.20605208411227324,0.0,0.0,0.0,0.7745966692414834,0.0,-0.6107977222794065,-0.06732454918718868,0.007803532176071185,-0.3531742437948203,0.0,-1.0339078862458586,0.0,-0.30755654697353474,-0.44431708292527644,0.7849620805629116,0.903539428230019,-0.3510173408865204,0.4896219118160041,0.5191044513761508,0.1856953381770519,-0.8335527098277565
35,2.154852946763469,-2.280563670253159,-0.3454132212421504,0.5695862570553689,-2.581038163432385,0.8341431846324013,0.0,2.3622879676187054,0.0,1.4678812433262725,-0.26640208877736654,0.0,-2.4894888148108425,0.0,0.0,0.0,-0.9638804912393679,-0.7105199875255052,-1.6932652375388835,0.0,0.0,-0.5323221352887582,0.0,0.0,0.0,0.7745966692414834,0.0,0.7510460234166472,0.19333891319366836,0.8828503692398119,0.15088917130973117,0.0,0.9672041516493516,0.0,2.5922678750653905,-1.7863343786040025,-0.6094221305155514,-0.28883424859201184,-3.786593011644988,-0.5161686342785544,-0.3526735250717333,0.1856953381770519,-2.28617930217684
148,-0.16668519015222746,-0.21277568832398985,0.025484263123698427,0.9790708337259378,-0.6726368723726331,-0.6854359916830005,0.0,0.06532062953987294,0.0,0.49808813520734185,-0.26640208877736654,0.0,-1.2062868453271454,0.0,0.0,0.0,-0.6608311804197241,0.22592413945566112,-0.1718401857661008,0.0,0.0,-0.5323221352887582,0.0,0.0,0.0,0.7745966692414834,0.0,-0.2103206392111144,-0.1371995125288935,0.2019021783054356,1.3505241090474003,0.0,0.9672041516493516,0.0,-0.06621543664404952,-1.8503238833258255,-0.10013933830570934,0.8914987834031771,-2.724551874276806,0.4789565749184293,0.5191044513761508,0.1856953381770519,-0.7695274911132941
79,-0.4183682936118683,0.7717109791785705,-0.40722946863645826,-0.6390939188376088,0.6754634774211306,,0.0,-0.7082351407472163,0.0,-0.5663435898199931,-0.26640208877736654,0.0,0.006448440354793259,0.0,0.0,0.0,-1.096983671074337,-0.23979589342214994,0.5384346017706705,0.0,0.0,0.9160564492793336,0.0,0.0,0.0,-1.2909944487358056,0.0,-1.0188567360754246,0.25116355901618204,0.07225873791698367,0.19733900397677928,0.0,0.9672041516493516,0.0,-0.5684553067103705,0.8791602704745619,-1.9644701460837035,-1.8210266855859105,0.4834125013578823,-0.37506066365067664,0.03541234763333436,0.1856953381770519,0.6348283706601903
17,-0.23031002721585098,-0.015146394475892227,-0.5308619634250753,-0.6535849502123996,0.509742996802441,,0.0,-0.7082351407472163,0.0,-0.48749773754962306,-0.26640208877736654,0.0,1.2547051193349734,0.0,0.0,0.0,-0.5514103097124123,-0.5373985782348158,0.29460452734925735,0.0,0.0,2.0778382741231027,0.0,0.0,0.0,-1.2909944487358056,0.0,-0.47949524731096604,0.4713404124063003,0.20148931728088776,0.9933691376076053,0.0,0.9672041516493516,0.0,-0.18415628617972393,-0.3184790938917107,-0.07548622461196611,-0.038636527885772265,0.7324853225430568,-0.4292380526629851,-0.1242487323677964,0.1856953381770519,0.5082844668167719
187,-0.3285628104303192,0.3508337793168807,-0.20941747697467275,-0.33972978998469955,0.2146756767732682,,0.0,0.06532062953987294,0.0,-0.1630968037350741,-0.26640208877736654,0.0,-0.8232886966098238,0.0,0.0,0.0,0.5020156835166857,0.5436159239223711,0.23801334001620827,0.0,0.0,-0.8585921864652434,0.0,0.0,0.0,0.7745966692414834,0.0,-0.2520389032571786,0.9376665248300345,0.2904522093370935,1.3023313065758382,0.0,-1.0339078862458586,0.0,-0.37759178137650984,0.3065546205311551,0.27224191554028787,0.36941979423811605,0.4370131226031906,0.7592312028697074,0.5191044513761508,0.1856953381770519,0.4553736232435482
2,-0.31795261502427963,0.3069161584617483,-0.5308619634250746,-0.7126505145833062,0.6226927387873291,,0.0,0.06532062953987294,0.0,-0.6532507890125329,-0.26640208877736654,0.0,0.266662771083836,0.0,0.0,0.0,-0.36666252204275396,0.4307282706727106,0.8309269030253421,0.0,0.0,0.9160564492793336,0.0,0.0,0.0,-1.2909944487358056,0.0,0.12488770434227069,0.5726310845879474,-0.08471734358573224,0.5525991695288969,0.0,0.9672041516493516,0.0,-0.35594524471970734,-0.3127724022427205,0.2124388257810999,0.5592909856937481,0.23001249885397182,-0.023640932487923635,0.5191044513761508,0.1856953381770519,-0.2844890652506927
14,-0.08768746869749612,-0.4250441891237984,-0.6297679592559677,-0.8122348736913027,0.7644636030249075,,0.0,-0.2825166799729971,0.0,-0.8834862069081402,-0.26640208877736654,0.0,0.13605233190918548,0.0,0.0,0.0,0.43903350881971404,1.1057382572250145,0.2785462715955808,0.0,0.0,0.12021796706420729,0.0,0.0,0.0,0.7745966692414834,0.0,-0.5023903667093452,-0.3567227729540652,-0.11806523128280934,-0.8991624178235765,0.0,-1.0339078862458586,0.0,0.07330676314342342,-0.36038227737141765,0.8322173766167725,0.8979188125165773,-0.3379023396179795,1.0001335667892055,0.5191044513761508,0.1856953381770519,-0.2123049898645694
87,-0.0286234522102468,-0.5641166551650523,-0.5061354644673521,-0.6290970558462703,0.4833455614732457,,0.0,0.6141671830486347,0.0,-0.3582076256887546,3.6644452123189293,0.0,-0.4287462432470323,0.0,0.0,0.0,0.34875778123504375,1.1173140544577878,0.2745195139596339,0.0,0.0,-1.1848622376417264,0.0,0.0,0.0,0.7745966692414834,0.0,-0.5202813901507405,0.8113119974515186,0.09565948805266822,-0.0783536756465721,0.0,-1.0339078862458586,0.0,0.17314194792481324,0.9306045884627622,1.093876781848885,0.5483901921556131,0.24347302284413833,0.8023872826164398,0.5191044513761508,0.1856953381770519,-0.25845989044641177
122,-0.39769400363782487,0.6655767287786662,0.16148000739117704,-0.15910479609766445,0.19290216165846177,,0.0,0.06532062953987294,0.0,-0.0804588412114313,-0.26640208877736654,0.0,0.17865722157531874,0.0,0.0,0.0,0.6193916660855971,-0.28627088167276854,0.31352267893639074,0.0,0.0,-0.8585921864652434,0.0,0.0,0.0,-1.2909944487358056,0.0,-0.6262895092239928,0.14065441746064597,-0.14840919120134052,-0.08010927930931679,0.0,0.9672041516493516,0.0,-0.5231389607731312,0.029220508826085005,-0.10055156107594816,0.0935635452857083,0.6551667668524547,-0.12534809493029478,0.5191044513761508,0.1856953381770519,-1.0981610295158846
18,-0.14346240441660407,-0.27865211960668906,-0.691584206650276,-0.8511836590976672,1.172859270534373,,0.0,-0.2825166799729971,0.0,-1.172771844235203,-0.26640208877736654,0.0,-0.4152407057557932,0.0,0.0,0.0,0.39683213334056827,1.0773714947287276,-0.4072648766471012,0.0,0.0,-1.5111322888182102,0.0,0.0,0.0,0.7745966692414834,0.0,2.7883104536379015,-0.04295899686931499,0.042794787009340265,-0.850753972686097,0.0,0.9672041516493516,0.0,-0.024443989533627884,-0.016305620858600208,1.8138545301517934,0.9689418858665991,-0.5199438009450369,0.10554353583025443,0.5191044513761508,0.1856953381770519,-0.4317793761777379
54,-0.46217483174771695,1.0169176956197286,-0.6421312087348293,-0.8058561008004851,0.9500398561391482,,0.0,-1.257081694255978,0.0,-1.0407755951767985,-0.26640208877736654,0.0,0.041256821505019324,0.0,0.0,0.0,-0.14673654280645987,0.8785562056227253,-0.3922026666946331,0.0,0.0,-0.5323221352887582,0.0,0.0,0.0,0.7745966692414834,0.0,1.360516980677033,-0.825510061022254,-0.14703587321579123,-1.7720393766654203,0.0,-1.0339078862458586,0.0,-0.6672732800024136,-0.06961299724976829,0.37758846397600615,0.5785628516258671,0.20567888754563735,1.2813764479040362,0.5191044513761508,0.1856953381770519,0.14523132391621515
178,2.5396051270384667,-2.3318008945841475,0.668373236024503,0.25208566581942965,-2.581038163432385,0.8341431846324013,0.0,2.544122946955738,0.0,1.5986106619865157,-0.26640208877736654,0.0,-0.7736971166215686,0.0,0.0,0.0,0.6341732124180331,-1.1758059870778867,0.1177461937273627,0.0,0.0,1.0217002270015776,0.0,0.0,0.0,0.7745966692414834,0.0,-0.5229580437371609,0.4383645942498693,0.5707225200153756,0.857944482233501,0.0,0.9672041516493516,0.0,2.8909261363613425,-0.4790493379111342,0.16856672860285538,0.6875195511128035,0.053733055480993726,-0.6039112415290225,-0.5561970478690978,0.1856953381770519,-0.6875665794824994
176,0.7951770225579385,-2.079274574667134,3.87842914696353,2.006577301605502,-2.581038163432385,0.8341431846324013,0.0,1.0398856438228548,0.0,1.94482764184554,-0.26640208877736654,0.0,2.0959251243511408,0.0,0.0,0.0,0.1137774462176112,-0.07030568433761324,0.43557925541493236,0.0,0.0,-1.1848622376417264,0.0,0.0,0.0,0.7745966692414834,0.0,-0.3588030260273492,0.04052667802210911,0.19144629339344188,0.5338800435606952,0.0,0.9672041516493516,0.0,1.1662917063580411,-0.1835220856577562,0.9056606705500456,0.7896935416873446,-0.11615431211498652,-0.23528784555604904,0.5191044513761508,0.1856953381770519,0.9412837538106218
108,-0.13007791115245976,-0.32256974046182185,2.6341299031635015,1.9537112817518516,-2.581038163432385,0.8341431846324013,0.0,-0.2825166799729971,0.0,1.247039661231059,-0.26640208877736654,0.0,1.4057480496243442,0.0,0.0,0.0,-1.506285768670425,-0.9509841166130599,0.5530783773290505,0.0,0.0,0.44648801824069273,0.0,0.0,0.0,0.7745966692414834,0.0,-1.0772611822679885,1.095170298135055,1.7987135408927626,0.5219229230586558,0.0,0.9672041516493516,0.0,-0.0006617296365259317,-1.708690728625711,-0.7910959547070764,-2.372563230027977,-2.771187610222908,-1.0131696824595755,-1.2855701927295262,0.1856953381770519,0.008073271262370757
72,-0.3872578769341176,0.6143395044476779,-0.7039474561291376,0.09131630213527564,-0.2125049485730562,-1.1798827530283886,0.0,-0.7082351407472163,0.0,0.05765201375347422,-0.26640208877736654,0.0,-0.5112352811914076,0.0,0.0,0.0,0.2042967364959536,-0.45712527824786603,0.21604412534914982,0.0,0.0,-0.06159304928628477,0.0,0.0,0.0,-1.2909944487358056,0.0,-1.206509506679138,1.0757581065569497,0.44136098790594736,1.395553482333652,0.0,0.9672041516493516,0.0,-0.5006006958551488,-0.637597015031979,-0.5430902592829493,-0.2717510598670593,0.8328168773760853,0.30231444444286976,0.5191044513761508,0.1856953381770519,-0.23617305119349807
45,6.917355936206671,-2.898173512537154,-0.6668577076925527,0.05203638553226033,,,0.0,3.9513313779812327,0.0,3.9411857109956974,-0.26640208877736654,0.0,-1.146810140226942,0.0,0.0,0.0,-0.4441868484220539,-2.3176424552523653,-2.054760478094046,0.0,0.0,-0.20605208411227324,0.0,0.0,0.0,0.7745966692414834,0.0,-2.710370422918728,-4.843439770398532,-0.6142930803345449,-0.17359309338143755,0.0,0.9672041516493516,0.0,5.067541480707711,-1.629903868373548,-0.945798272256749,-2.406233282420613,-2.6951892414746887,-4.313536600373918,-4.084646051647979,0.1856953381770519,0.8220175840500767
134,-0.5085083750616127,1.313361636391875,-0.5679517118616595,-0.7612594238292384,0.9022468880740083,,0.0,-0.7082351407472163,0.0,-0.8994180815253676,-0.26640208877736654,0.0,-0.28299961013259334,0.0,0.0,0.0,-0.8239585596532666,0.7135062825035555,0.495631241136053,0.0,0.0,-0.5987877921845934,0.0,0.0,0.0,0.7745966692414834,0.0,0.31527034618574956,-0.1528485261464006,0.02920477541702941,-1.019646331851685,0.0,0.9672041516493516,0.0,-0.776551325450428,0.5311031810467265,-0.08444500939809632,-0.07279269912331275,0.7499541808267269,0.6022259011570081,0.5191044513761508,0.1856953381770519,-0.5814865669077827
