hr_med_bpm,rr_med_ms,rr_iqr_ms,rr_sdnn_ms,prematurity_index_min,comp_pause_ratio_max,pvc_like_beat_count,apb_like_beat_count,paced_like_beat_count,af_irregularity_cv,f_wave_power_ratio,p_present_ratio,p_amp_ii_med_mV,p_dur_med_ms,pr_med_ms,pr_iqr_ms,q_amp_ii_med_mV,r_amp_ii_med_mV,s_amp_ii_med_mV,qrs_dur_med_ms,qrs_dur_iqr_ms,qrs_deformed_prob,qrs_deformed_any,qrs_fragmented_any,qrs_wide_any,r_prime_v1_any,broad_r_v6_any,st_level_v1_mV,st_level_v5_mV,st_slope_v5_uV_per_ms,t_amp_v5_med_mV,t_dur_med_ms,t_inverted_right_any,qt_med_ms,qtc_med_ms,qrs_net_area_i_mV_ms,qrs_net_area_avf_mV_ms,qrs_axis_deg,qrs_axis_sin,qrs_axis_cos,rbbb_signature_score,lbbb_signature_score,pvc_signature_score,af_signature_score,paced_signature_score,lead_quality_min_db,delineation_confidence,u_present_v2_any,u_amp_v2_mV,record_id,qtc_formula_code,split
68.02721088435374,882.0,32.00000000000003,18.38612484393762,0.9478458049886621,,0,4,0,0.020949593254952745,0.0,1.0,0.02585892997873579,80.0,160.0,0.0,-0.10653928908870744,0.7401335299485281,-0.002571165165852523,100.0,0.0,0.8175744761936437,1,1,0,1,1,0.02443728536452436,0.048173299399635175,496.5214797301235,0.23118356202807838,280.0,0,400.0,417.0970609417037,12.561079809886799,15.518400402777045,50.93545539564372,0.7764365290912966,0.6301954588004108,,,,,,15.374240460985098,0.96,1,0.05754262628967385,149,QTcF,train
60.36217303822938,994.0,18.000000000000014,28.680306832389387,0.959758551307847,,0,4,0,0.02870326944794775,0.0,1.0,0.055763385988636366,80.0,160.0,0.0,-0.1584666854545448,0.7366845280788807,-0.0035814126284098185,100.0,0.0,0.8175744761936437,1,1,0,0,1,0.04584449069568701,0.05321430462618063,422.12100197335997,0.20075286124508823,280.0,1,400.0,400.8032150083904,16.041508090343,10.535582425091015,33.35237095829806,0.5497865546299711,0.8353051803670954,,,,,,16.71576411372744,0.96,1,0.071745313064601,119,QTcF,train
58.99984529702971,1016.9999999999999,28.000000000000025,16.30214709785188,0.9655850540806293,,0,4,0,0.01612158534202124,0.0,1.0,0.10282158889640358,80.0,160.0,0.0,-0.33011412377920385,0.5045585320546053,-0.33011412377920385,100.0,0.0,0.9241418199787566,1,1,0,1,1,-0.027189807254112675,-0.015851263127584225,2000.9648879268798,0.08101807797232118,280.0,1,400.0,397.76287499149277,9.922027947261814,4.0931005414249935,21.80751032354702,0.37148953816447683,0.9284371400554502,,,,,,11.10670245434859,0.96,1,0.06375765018333623,23,QTcF,train
57.47126436781609,1044.0,42.000000000000036,30.068235156591754,0.9444444444444444,,0,3,0,0.028942686246986715,0.0,1.0,0.014516711101351158,80.0,160.0,0.0,-0.0688266554612246,0.8247360920659373,0.007380687362766258,100.0,0.0,0.8175744761936437,1,1,0,1,1,0.03171808065384377,0.02802811143717388,410.79788138692896,0.12885501386286796,280.0,0,400.0,394.2997409729482,16.961429584803444,17.819120569248827,46.612808127108536,0.7267282470985299,0.6869250722379392,,,,,,16.39474259228823,0.96,1,0.028168453636458403,153,QTcF,train
49.83608728765853,1204.0,48.00000000000004,27.906092524751678,0.9485049833887043,,0,2,0,0.02340133545052552,0.0,1.0,0.02727636874702183,80.0,160.0,0.0,-0.039993033673467626,0.25265468027892024,-0.01865368651228151,100.0,0.0,0.976350779643276,1,1,0,0,1,-0.022028075962006954,-0.03992288187331092,-136.27495743121324,-0.026228251399418007,280.0,1,400.0,376.00078935612294,14.779224237603131,3.5188607332926725,10.540854684451721,0.1829365877961287,0.9831247147974205,,,,,,-1.627715764033795,0.7274456847193241,1,-0.05798265487748622,133,QTcF,train
50.63323591242373,1185.0,32.00000000000003,16.581239398790444,0.9755274261603374,,0,2,0,0.014090706946072184,0.0,1.0,0.06854790396400721,80.0,160.0,0.0,-0.07053304825573738,0.7551843232878046,-0.029462685843896136,100.0,0.0,0.9933071490757153,1,1,0,1,1,0.11151403991845715,0.01467055267551223,152.542818358317,0.16837540688658403,280.0,0,400.0,377.99654165757295,12.906683025531692,12.418613424550163,42.71968218360626,0.6784120869090424,0.7346815911234729,,,,,,17.59117315081643,0.96,1,0.02523058862001179,6,QTcF,train
87.65868140868142,685.0,294.0,157.58927680933513,0.8493723849372385,1.7154811715481173,0,4,0,0.27567888302359056,0.0,1.0,-0.006746641838774872,80.0,160.0,0.0,-0.02424658961216756,0.25966369332396144,-0.011368168842055534,100.0,0.0,0.976350779643276,1,1,0,0,1,0.07634142580927102,-0.04405462212570406,-70.05492760621188,0.019008016090619608,280.0,1,400.0,453.84137022059974,16.040387154297477,1.3205604944958584,4.829649580751092,0.08419350002622668,0.9964494239816358,,,,,,8.815174834462452,0.9363034966892491,1,-0.028062034066735096,109,QTcF,train
78.74015748031496,762.0,36.00000000000003,23.038943105279028,0.952755905511811,,0,6,0,0.03018607744090177,0.0,1.0,0.05436670866101111,80.0,160.0,0.0,-0.09720518112633841,0.49561652594272987,-0.016863487323631715,100.0,0.0,0.9890130573694068,1,1,0,1,1,0.057018931079404214,-0.07075679766660006,-365.0322940380742,0.010543232341974539,280.0,0,400.0,437.93366751289125,19.90875727057725,-4.554195391249544,-13.977304987855634,-0.2415375398881671,0.9703914760676601,,,,,,10.593261022118083,0.96,1,0.008804632680964462,183,QTcF,train
50.0,1200.0,543.9999999999999,376.89711792477266,0.2585487906588824,0.7172643869891577,0,1,0,0.39829162506200155,0.0,1.0,0.03963134300180446,80.0,160.0,0.0,-0.618161423929733,0.26539106058090217,-0.15892640822297893,100.0,0.0,0.9525741268224334,1,1,0,1,1,0.010059022525243246,-0.03308881448080982,427.2971544867248,0.029646465822291045,280.0,1,400.0,376.4144115524114,25.89842048313192,-14.230219348408053,-29.33367214554603,-0.48989487342958543,0.8717815167732168,,,,,,7.778047485433285,0.9155609497086656,1,-0.0036326117402294272,125,QTcF,train
74.62732746298026,804.0,56.00000000000005,26.55183609470352,0.9303482587064676,,0,3,0,0.03373803823977576,0.0,1.0,0.045637191272659666,80.0,160.0,0.0,-0.054443216494584036,0.833615272090126,-0.008244633944893612,100.0,0.0,0.9706877692486436,1,1,0,1,1,0.03825637232049599,0.01200244483939706,190.76869468899497,0.13904883422769898,280.0,0,400.0,430.17176918761174,15.162179463498472,14.713983500437791,44.21116464411165,0.6973047866751924,0.7167747445884686,,,,,,16.378369331598947,0.96,1,0.03363185586070684,177,QTcF,train
54.347826086956516,1104.0,6.000000000000005,6.977919319158931,0.9891304347826086,,0,4,0,0.006323124634759402,0.0,1.0,0.11295353353574616,80.0,160.0,0.0,-0.19672976502057066,0.6736058452206122,0.013306985941960614,100.0,0.0,0.9933071490757153,1,1,0,0,1,0.04939493785618873,0.0065710288910433845,159.65849094559408,0.054669333095738806,280.0,0,400.0,387.02317094861326,9.065808963057147,2.5157712020347622,12.854821817498577,0.22248143965473852,0.9749369256568113,,,,,,14.039086778384643,0.96,1,0.014568993513283807,27,QTcF,train
60.80082135523614,987.0,77.99999999999996,96.2625011923255,0.748,0.835,0,2,0,0.09739343728271349,0.0,1.0,-0.0005593829053296452,80.0,160.0,0.0,-0.207013368360957,0.20362626643829376,-0.1979649186020703,100.0,0.0,0.9820137900379085,1,1,0,1,1,-0.014487703848277123,-0.056949786712698014,1360.1048799088292,0.011877978397132116,280.0,1,400.0,401.7639988107751,6.080113629169752,-3.70434792673617,-37.883375559178596,-0.6140562205278036,0.7892622872221309,,,,,,6.893015610157551,0.897860312203151,1,0.029460387378041658,95,QTcF,train
61.34969325153374,978.0,26.00000000000002,13.856406460551032,0.9815950920245399,,0,4,0,0.0141391902658684,0.0,1.0,0.09250817563351554,80.0,160.0,0.0,-0.13503547183674053,0.283740636791565,0.06657525036888913,100.0,0.0,0.9990889488055994,1,1,0,1,1,0.06668506197047415,0.0814288749097298,637.0935523745102,0.33765792983279086,280.0,0,400.0,402.97710547227325,16.47920344418212,-5.904303479523532,-19.549086417139154,-0.33461431607157893,0.9423551663146701,,,,,,4.5123581370897226,0.8502471627417945,1,0.03006013754270727,4,QTcF,train
64.795118674429,926.0,10.000000000000009,6.465291950097851,0.9892008639308855,,0,3,0,0.006989504810916595,0.0,1.0,0.017167022489914734,80.0,160.0,0.0,-0.11569458707284044,0.8247047548121349,-0.04028174827114613,100.0,0.0,0.9616309480355385,1,1,0,1,1,0.02604631539178557,-0.03617219203180471,-102.98332610283867,0.03322882003132353,280.0,0,400.0,410.3837093585896,12.956551967156727,14.020852281742185,48.08097113616905,0.7440897070907669,0.6680797166518204,,,,,,16.85984184194065,0.96,1,0.036389973760324476,31,QTcF,train
326.0869565217391,130.0,210.0,113.02946395618366,0.0,8.63157894736842,0,24,0,0.938947928770611,0.5120855805167769,1.0,0.008619846959025484,80.0,160.0,0.0,-0.06604006348033183,0.12685009068748393,0.004682675941406672,100.0,0.0,0.9990889488055994,1,1,0,1,1,-0.0008994750843042618,0.0006381264911899387,64.95939962784641,0.19387124630604366,280.0,1,400.0,703.2677738339187,8.577637761228058,-0.27053934213251557,-4.566528267982105,-0.07961660049998234,0.9968255599275262,,,,,,7.094239077989277,0.9018847815597856,1,0.046118050496488566,155,QTcF,train
83.10249307479225,722.0,420.00000000000006,306.62869569691844,0.003496503496503497,2.1573426573426575,0,6,0,0.5849825987240306,0.0,1.0,-0.004841500525689962,80.0,160.0,0.0,-0.010691821876023471,0.054245946328879184,0.000555956939742544,100.0,0.0,0.9241418199787566,1,1,0,1,1,0.036064478358792784,0.01610988637349092,150.4568928562054,0.06656806973193459,280.0,1,400.0,445.876166763673,-0.3079820617504958,4.449726134952909,97.02660793956797,0.9924894489610263,-0.12233026486131039,,,,,,4.248745595000518,0.8449749119000104,1,0.015275368220328083,83,QTcF,train
92.02453987730061,652.0,16.000000000000014,118.20591801282387,0.3241590214067278,0.8180428134556575,0,8,0,0.19872154821252375,0.6919362221811642,1.0,0.09224126049601834,80.0,160.0,0.0,-0.13757899477947483,0.6701788970714306,-0.017166991892647625,100.0,0.0,0.6224593312018546,1,1,0,1,1,0.006094555469045036,0.07720876040325945,1182.7587804875282,0.2190098748949451,280.0,0,400.0,461.29363205702737,5.388995356876522,11.043724601326165,63.43114165325989,0.8943974727347758,0.44727302709379435,,,,,,14.224035593873051,0.96,1,0.022245023442194933,185,QTcF,train
84.74576271186442,708.0,8.000000000000007,49.108440098305785,0.7496463932107498,0.9943422913719945,0,6,0,0.09629355314349404,0.0,1.0,0.07012377447590513,80.0,160.0,0.0,-0.11222836195664826,0.28732513455365594,0.01678893256605308,100.0,0.0,0.9706877692486436,1,1,0,0,1,0.014520837770517919,0.022802341842199675,453.4503504482681,0.053861143911088025,280.0,1,400.0,448.79592551093634,14.696185653302665,-4.232521220748278,-16.93906131842131,-0.29135443232856756,0.9566151759001621,,,,,,10.022720609947324,0.96,1,0.0015384250180280543,106,QTcF,train
66.99766704552252,896.0,86.00000000000007,50.06464956236555,0.9018264840182649,0.9851598173515982,0,3,0,0.05662400398610305,0.0,1.0,0.05448966201981559,80.0,160.0,0.0,-0.03079224521470547,0.6968609094340598,0.033937797981132445,100.0,0.0,0.991160103222561,1,1,0,0,1,0.08040792500713155,-0.02366979243131123,-121.60501346439699,0.00011623584835531624,280.0,0,400.0,414.9592212905834,5.0453084252403455,23.959691795492756,77.22351133870653,0.9752401846878622,0.22114832617495514,,,,,,11.896817886394402,0.96,1,0.06658415898217107,52,QTcF,train
64.66989086955917,927.9999999999999,453.99999999999994,274.98974526334615,0.17826086956521742,0.782608695652174,0,5,0,0.32747886751339805,0.0,1.0,0.10568988545465487,80.0,160.0,0.0,-0.12909756274935816,0.7940407420647047,-0.01347968559720844,100.0,0.0,0.9024694489783194,1,1,0,1,1,0.04392445031401587,0.028608586851579923,456.74207812249347,0.2089664626445883,280.0,0,400.0,410.1090001487633,14.65147436952807,14.04712893323368,42.74338507453222,0.6787159618385324,0.7344008736007848,,,,,,13.368526138023167,0.96,1,0.02861636729579844,166,QTcF,train
61.03820838680299,975.0,24.00000000000002,377.36353781124836,0.0,0.5051546391752577,0,3,0,0.44739353366308743,0.0,1.0,0.03531564187117862,80.0,160.0,0.0,-0.32412643103068883,0.537069933173213,-0.06987479722592263,100.0,0.0,0.9967286195637346,1,1,0,1,1,-0.008684279342961714,0.031575388000051434,960.8201222077521,0.1830551563984863,280.0,0,400.0,402.2935327637068,9.675206476043961,-14.948626040101972,-56.7304022981201,-0.8360985662893529,0.5485792444568867,,,,,,11.5290793194688,0.96,1,0.03611827949265567,10,QTcF,train
56.444076292425976,1063.0000000000002,32.00000000000003,18.027756377319964,0.9746001881467543,,0,4,0,0.01687992170161045,0.0,1.0,0.11778425787260066,80.0,160.0,0.0,-0.04090608775070388,0.4509702222803732,0.005553835144194896,100.0,0.0,0.9383579734005949,1,1,0,0,1,0.02899712103491956,-0.0043909747480008685,123.87678847752645,0.046709156858986633,280.0,1,400.0,391.93645052883255,16.072087300184887,3.8618873412194534,12.973706063148123,0.22450387688191295,0.9744731957652765,,,,,,3.0449532254062497,0.820899064508125,1,-0.0026419779037340184,124,QTcF,train
59.40594059405941,1010.0,36.00000000000003,129.6685678952305,0.6262425447316103,0.974155069582505,0,3,0,0.16518889139701087,0.0,1.0,0.0361083137323075,80.0,160.0,0.0,-0.6050628357598768,0.31214513133799077,-0.13040339561415865,100.0,0.0,0.9241418199787566,1,1,0,1,1,0.013992399944272742,0.007340661044398553,708.9753137686962,0.20935367165431648,280.0,1,400.0,398.6754869909356,17.22109343617927,-19.47488638160817,-48.11592231528834,-0.7444971060361033,0.6676256878699823,,,,,,7.000228737734391,0.9000045747546879,1,0.028746590037508107,60,QTcF,train
65.72127843363086,913.0,480.00000000000006,279.9125577747451,0.19782608695652174,0.7152173913043478,0,5,0,0.35973395729513596,0.0,1.0,0.02259907957295105,80.0,160.0,0.0,-0.10995131885268605,0.7850027516201052,0.0032135464262213623,100.0,0.0,0.9241418199787566,1,1,0,1,1,0.015442617886636603,0.032396237054333185,345.64201722406233,0.15008265681856267,280.0,0,400.0,412.3272828935791,7.9241011183750185,11.806176004592231,54.41342587604242,0.8132371451195481,0.5819324237381923,,,,,,15.306519506771032,0.96,1,0.005605312142185164,145,QTcF,train
60.0,1000.0,2.0000000000000018,1.3333333333333346,0.998,,0,3,0,0.0013324450366422398,0.0,1.0,-0.0002613954763345111,80.0,160.0,0.0,-0.04949774822730231,0.2198404932420152,-0.046169691015727155,100.0,0.0,0.9999251537724895,1,1,0,1,1,0.025958879852510497,-0.09743607172927826,1276.1579084710984,0.18213284083155484,280.0,0,400.0,400.0,-0.27160539148641205,0.5130181033067474,124.51771126807162,0.8239510617866382,-0.5666609636993459,,,,,,8.52418839463075,0.930483767892615,1,0.001457095934910467,74,QTcF,train
87.97729618163055,682.0,257.99999999999994,155.42084444786963,0.3870967741935484,0.8401759530791788,0,5,0,0.254157445563743,0.26627946271855313,1.0,0.037673824313207316,80.0,160.0,0.0,-0.06422363861629085,0.8248780898191852,-0.03215304425443931,100.0,0.0,0.9706877692486436,1,1,0,0,1,0.03339593370334806,0.0027988992913993496,282.31030953635445,0.18168417724699149,280.0,0,400.0,454.4289906612025,17.00799415613228,14.212643755695904,39.31352736419549,0.6335635563592517,0.7736906488083058,,,,,,13.261924355503012,0.96,1,0.027962960649616078,182,QTcF,train
70.58823529411765,850.0,16.000000000000014,18.357334652317878,0.9858823529411764,,0,3,0,0.021368326050317105,0.0,1.0,0.0817118601564649,80.0,160.0,0.0,-0.21171246174904657,0.5798528960239169,-0.02527036052766153,100.0,0.0,0.9933071490757153,1,1,0,1,1,-0.018491531938946173,0.022298439681266324,432.3910974184769,0.13747436921105008,280.0,0,400.0,422.26687679120033,15.967076184860003,-7.4933780193785156,-25.140751047699407,-0.4248433921106062,0.9052668624112746,,,,,,13.781459109939373,0.96,1,0.031247711255254752,50,QTcF,train
88.23529411764706,311.0,736.0,402.1698922373755,0.0,12.7,0,8,0,0.9697678346280941,0.0,1.0,0.0445316701278308,80.0,160.0,0.0,-0.12929664438045613,0.03644425479529105,-0.06889589708251484,100.0,0.0,0.9975273768433653,1,1,0,1,1,-0.08605548555656198,0.041383044270980066,1281.6768439583343,0.13353926266976557,280.0,1,400.0,454.8732039051906,-8.51784166048334,-2.8104011026249394,-154.2705892596828,-0.43412156311346894,-0.9008542992293029,,,,,,-11.71353688971148,0.5257292622057703,1,0.002848560675771855,93,QTcF,train
69.93006993006993,858.0,12.00000000000001,11.757888155799824,0.9766899766899767,,0,6,0,0.01364887818845484,0.0,1.0,0.06760786389409007,80.0,160.0,0.0,-0.04547089076287439,0.8834678489491541,0.03764356451046429,100.0,0.0,0.9706877692486436,1,1,0,0,1,0.03497385175665578,0.08708937460224779,669.5131833320588,0.23959504224681874,280.0,0,400.0,420.9503698001213,15.969387619107847,23.55234176963992,55.681498403904904,0.8259162811086862,0.5637927780661948,,,,,,15.234091301883765,0.96,1,0.01939129851252033,62,QTcF,train
58.252427184466015,1030.0,16.000000000000014,24.09446429943078,0.9417475728155339,,0,3,0,0.023504246552663886,0.0,1.0,0.024108913625976336,80.0,160.0,0.0,-0.18657907864030304,0.7306798178219976,0.36135473080106045,100.0,0.0,0.9241418199787566,1,1,0,0,1,0.02853058039113895,-0.00819293377453871,-698.6743242568571,0.10996800741162104,280.0,0,400.0,396.07817881816754,37.901732350911345,9.536465883678133,14.001184720282556,0.24194195861431783,0.9702907237843036,,,,,,12.622626796936709,0.96,1,0.021451078764303397,13,QTcF,train
157.89473684210526,380.0,264.0,157.89545657368222,0.044444444444444446,2.255555555555556,0,8,0,0.5539828797671068,0.0,1.0,-0.03495150134092388,80.0,160.0,0.0,-0.07582905420443836,0.13518439567781737,-0.07402891540002794,100.0,0.0,0.9890130573694068,1,1,0,0,1,-0.04159889846703296,-0.16883419136871033,-518.5175484945187,-0.03118424969122749,280.0,1,400.0,552.2454238333854,5.3930183956982525,2.3501897370835643,24.186514775041918,0.4097083444617531,0.9122165710391417,,,,,,0.42103818774400037,0.76842076375488,1,0.05636002588826099,111,QTcF,train
68.96588170633746,870.0,34.00000000000003,27.498363587675566,0.9724137931034482,,0,4,0,0.031205587366858335,0.0,1.0,0.10449308564239516,80.0,160.0,0.0,-0.03582941525987575,0.7859419095455085,0.03624276457859205,100.0,0.0,0.9525741268224334,1,1,0,0,1,0.04333538933021157,0.009818567279448187,-16.474269955737842,0.16082789223500876,280.0,0,400.0,419.00649064570655,14.61563800455495,18.8386432309059,52.81830132286043,0.796722997433177,0.6043446577583803,,,,,,14.256397495213669,0.96,1,0.029912545865903747,37,QTcF,train
65.71749395370264,913.0,448.00000000000006,220.97465918064,0.49557522123893805,0.7898230088495575,0,7,0,0.27824747636168373,0.0,1.0,0.025703111308603914,80.0,160.0,0.0,-0.05063489651435757,0.33085109445837746,-0.004578247608887734,100.0,0.0,0.8807970779778823,1,1,0,0,1,0.010564257077831683,-0.011863188640742848,145.59576817556106,0.12031416045188162,280.0,1,400.0,412.3220064602828,7.434878415893158,5.397576800167715,39.084754469857714,0.6304692910342298,0.776214192773358,,,,,,11.866439833769846,0.96,1,0.016683100306051017,105,QTcF,train
405.4054054054054,71.00000000000001,182.0,66.77217543866914,,,0,34,0,1.0417331490701447,0.0,1.0,0.0019261017820172673,80.0,160.0,0.0,-0.10305019323469751,0.2720901875789985,-0.010044729527162063,100.0,0.0,0.9975273768433653,1,1,0,1,1,0.0065391600355196745,-0.01065324252158018,-74.83157811805765,0.2064571573496003,280.0,1,400.0,756.2047822671436,8.53753797460384,2.1937009251631263,26.26285060306116,0.4424898344955343,0.8967735201086808,,,,,,5.621707421942167,0.8724341484388434,1,-0.03846382738769387,192,QTcF,train
54.018048154342836,1111.0,39.999999999999815,30.112289849827025,0.9810981098109812,,0,2,0,0.026946120670986153,0.0,1.0,0.07993229330798475,80.0,160.0,0.0,-0.06968122651882182,0.8183420901749507,0.040436322937042884,100.0,0.0,0.9525741268224334,1,1,0,0,1,-0.01768175367292609,0.01537666816614761,158.95389828077742,0.218212689780283,280.0,1,400.0,386.22872553387845,14.207420935993063,28.118870497490363,63.492454056741046,0.8948755888949018,0.4463156734868301,,,,,,15.188638588459764,0.96,1,-0.03269523586943938,39,QTcF,train
64.33536215361418,933.0,73.99999999999996,37.958398280222504,0.9281886387995713,,0,5,0,0.04114285527880176,0.0,1.0,0.15205907193974197,80.0,160.0,0.0,-0.08701886743698214,0.7385950376166562,0.017045323410780362,100.0,0.0,0.9820137900379085,1,1,0,1,1,0.06117508780711746,0.013401471938948556,237.0893733222124,0.15251320618743566,280.0,1,400.0,409.39211698677485,14.890316266194933,16.693160119677266,48.2682070593444,0.7462689366927796,0.6656445553953161,,,,,,14.49203856114552,0.96,1,0.04997352393227721,36,QTcF,train
58.93909626719057,1018.0,183.99999999999994,156.35139909831312,0.7867203219315896,1.1096579476861166,0,5,0,0.14532386674276432,0.0,1.0,0.008479135227001264,80.0,160.0,0.0,-0.050699767166682785,0.5825006788980545,-0.012581605226176656,100.0,0.0,0.9525741268224334,1,1,0,0,1,0.031144834286609392,-0.021963600994430232,-97.80046012379077,0.17774254392336675,280.0,0,400.0,397.62840275513656,20.797570499033135,3.850784836847561,10.487485281799648,0.1820207556231508,0.9832946885457977,,,,,,11.968094996813988,0.96,1,0.018951945800443036,129,QTcF,train
59.880239520958085,1002.0,18.000000000000014,136.2550457781289,0.5888223552894212,0.8662674650698602,0,1,0,0.14667279506625153,0.0,1.0,-0.046384268902085045,80.0,160.0,0.0,-0.3491244582926498,0.5380842227854136,-0.0714126693910503,100.0,0.0,0.9820137900379085,1,1,0,0,1,0.11337998888406084,-0.009860503658977171,402.74098661221996,0.009345025570853802,280.0,0,400.0,399.7336883367227,6.975351239812216,-9.649322610999494,-55.158611050283035,-0.8207367265952795,0.5713065951112987,,,,,,11.691003294958593,0.96,1,0.011622179279111449,7,QTcF,train
260.8695652173913,222.0,176.00000000000003,105.08029539702305,0.0,3.5202702702702706,0,15,0,0.7429146023175915,0.0,1.0,0.013727052319772901,80.0,160.0,0.0,-0.041809779505731,0.10973353426616131,0.0036984411015409772,100.0,0.0,0.9996646498695336,1,1,0,1,1,0.011789866313095783,0.003663455433392966,43.49204928757929,0.18339673582269256,280.0,0,400.0,652.8559692134468,0.8990836803029998,3.9167617165712802,54.91247801505647,0.8182749240726837,0.5748270597613196,,,,,,8.464529152650396,0.9292905830530079,1,0.008452246033861558,194,QTcF,train
108.30324909747291,554.0,316.0,217.66478814911702,0.8220858895705522,1.4253578732106338,0,5,0,0.3487935089078126,0.0,1.0,0.028833876334230284,80.0,160.0,0.0,-0.042514000255541876,0.7238857537699968,0.020706971331231117,100.0,0.0,0.9820137900379085,1,1,0,0,1,0.001325634921316779,0.013940860621188683,131.061388254799,0.18760078936489283,280.0,1,400.0,487.0311469691452,15.959955692047531,17.341815447047914,47.311490832648566,0.7350505872330937,0.6780122670042809,,,,,,12.784798433627074,0.96,1,-0.02700676595698022,78,QTcF,train
54.44646098003629,1102.0,20.000000000000018,295.1974780048233,0.25045372050816694,0.8883847549909256,0,4,0,0.27002815710990724,0.0,1.0,0.15119939565972135,80.0,160.0,0.0,0.04931886457799203,0.795361800931549,0.04931886457799203,100.0,0.0,0.9706877692486436,1,1,0,1,1,0.006436886477111218,0.06970237078580706,561.7492895569086,0.2807822925055722,280.0,0,400.0,387.2571632492383,18.562881964417745,31.404013591207605,58.627337688116576,0.8537992908235376,0.5206023155818885,,,,,,12.752318783249697,0.96,1,0.01058645564489698,59,QTcF,train
56.92599620493358,1054.0,54.00000000000005,25.28710145508973,0.9582542694497154,,0,3,0,0.024088689168935203,0.0,1.0,0.07914773666878966,80.0,160.0,0.0,-0.056072281787126775,0.7528270492478719,-0.013613629957273152,100.0,0.0,0.7743165274118242,1,1,0,0,1,0.027451052208973488,-0.011711832742138082,-17.72761702651627,0.14849482894294197,280.0,1,400.0,393.04878161049425,18.629216051767877,19.399727279281656,46.83398060141292,0.729374485858811,0.6841146536788955,,,,,,14.031869857719283,0.96,1,0.014638877158554987,42,QTcF,train
96.7741935483871,620.0,194.00000000000006,121.60197366819341,0.5057851239669422,1.4082644628099175,0,7,0,0.2457173357753867,0.0,1.0,0.0003965895022710053,80.0,160.0,0.0,-0.06760850504429843,0.10570699974323401,-0.010649109137177218,100.0,0.0,0.9820137900379085,1,1,0,1,1,0.01160587169079963,0.05942978104227765,381.0310105454654,0.15076637496875483,280.0,1,400.0,469.0971144596435,4.4965558099935,-0.6731890855975011,-8.117645786609453,-0.14120612984124953,0.9899802164160939,,,,,,5.161159250345397,0.863223185006908,1,0.004725938254090621,110,QTcF,train
70.09345794392523,856.0,370.0,386.09653017379594,0.26968503937007876,0.9370078740157479,0,7,0,0.3944274796194745,0.0,1.0,0.027020352029683822,80.0,160.0,0.0,-0.19754921294672012,0.5840580400317257,-0.005156379818462231,100.0,0.0,0.8807970779778823,1,1,0,1,1,0.012299821587226305,0.03475611839722516,561.5527009352635,0.37362284091902104,280.0,1,400.0,421.2779577687508,-6.8462511533991,9.070061310273081,129.75697901670824,0.768763938338551,-0.6395326474154394,,,,,,12.297892012167235,0.96,1,0.027542084885407117,168,QTcF,train
62.761506276150634,956.0,16.000000000000014,10.685169137930039,0.9769874476987449,,0,4,0,0.01119777855628439,0.0,1.0,0.015178405519978316,80.0,160.0,0.0,-0.1682992130214599,0.5499573909044594,-0.03366131651979912,100.0,0.0,0.9241418199787566,1,1,0,0,1,0.026931698158503624,-0.0033900926221157035,352.592518589414,0.22020983997927873,280.0,1,400.0,406.044869329361,6.853528384545398,5.692283261085525,40.50738733978944,0.6495460846600234,0.7603222237333549,,,,,,13.856195779367539,0.96,1,0.0502569329205846,200,QTcF,train
43.41534008683068,1382.0,75.99999999999984,43.853187350708296,0.9247467438494936,,0,3,0,0.03216390522369636,0.0,1.0,0.05807300137003543,80.0,160.0,0.0,-0.0033286297211487115,0.8314882298366575,0.008895206908743986,100.0,0.0,0.8807970779778823,1,1,0,1,1,0.08428420596649078,0.04412956767092921,539.2770291044178,0.23948394443925433,280.0,0,400.0,359.10708778014515,7.352914366575938,19.862184066982348,68.79019701036214,0.9322619156143357,0.36178408021234043,,,,,,16.39473046466692,0.96,1,0.021518882401609606,160,QTcF,train
40.02670226969292,1499.0,46.00000000000004,31.742015618979796,0.9699799866577717,,0,1,0,0.021265307471402276,0.0,1.0,0.00818702892968929,80.0,160.0,0.0,-0.00701023166024816,0.27946434322966196,-0.006039609917303112,100.0,0.0,0.8175744761936437,1,1,0,0,1,0.041444474272339854,-0.0567991483301064,-152.82624852826024,-0.040973803475346085,280.0,1,400.0,349.5099065866864,28.71977692024406,6.4623015547697555,12.527851840448,0.21691417200498606,0.9761906791111004,,,,,,11.181705739916534,0.96,1,0.007645004534993035,127,QTcF,train
63.93665158371041,942.0,242.0,128.29945440258118,0.7936507936507936,1.1235827664399094,0,3,0,0.1436128886100817,0.0,1.0,0.040131046714407224,80.0,160.0,0.0,-0.07782522600280664,0.7081093583827633,-0.002712078381408747,100.0,0.0,0.9241418199787566,1,1,0,1,1,0.003347863707974255,0.021333212857042573,293.9474802832804,0.12524882518705877,280.0,0,400.0,408.39113529372486,7.02024337719806,9.788326854748039,56.782766673514516,0.8365995804823577,0.547814879258261,,,,,,13.0461605419308,0.96,1,0.01454895760682083,158,QTcF,train
65.43083026514827,917.0,18.000000000000014,10.762899237658978,0.9836423118865867,,0,4,0,0.01171918470999453,0.0,1.0,0.09255732624773903,80.0,160.0,0.0,-0.07175793251462902,0.8198347103880967,0.003090457124469684,100.0,0.0,0.9798504133090252,1,1,0,0,1,0.024169198542374627,-0.00574254431046671,170.39278048083276,0.0888831299481926,280.0,1,400.0,411.7216085776445,22.76495623630545,2.081426274729181,5.1723405178787285,0.09015180742581833,0.9959280353609181,,,,,,15.31997738255379,0.96,1,0.00168202509803278,131,QTcF,train
67.87330316742081,884.0,32.00000000000003,19.046702063720453,0.9773755656108597,,0,5,0,0.021409536347938376,0.0,1.0,0.0471001742499581,80.0,160.0,0.0,-0.11159547560174317,0.7577623538232022,0.027713078146668277,100.0,0.0,0.7310585786300049,1,1,0,1,1,0.027652406195573635,0.09856855121472122,1013.1048356241703,0.33490559528995445,280.0,0,400.0,416.7822705874497,10.025790092785412,11.389539172021028,48.643731068874246,0.7506155981252991,0.6607391496278994,,,,,,15.170492851621997,0.96,1,0.01352392301902295,159,QTcF,train
67.26457399103138,892.0,62.00000000000006,72.72409083948558,0.852017937219731,,0,5,0,0.08067416289172462,0.0,1.0,0.07451922957525824,80.0,160.0,0.0,-0.04632749526875388,0.8374984565848484,0.014159684370832398,100.0,0.0,0.8175744761936437,1,1,0,1,1,0.0168092107896069,0.041244773420203745,408.43111963140234,0.3151273841844323,280.0,0,400.0,415.5325411344918,7.391564454390373,20.5268583780184,70.17776183955347,0.9407492240377208,0.33910307794596367,,,,,,15.59699857025147,0.96,1,0.008491474238887978,175,QTcF,train
77.42051493799698,775.0,52.00000000000004,25.256462319352824,0.9496774193548386,,0,6,0,0.03272975678533843,0.0,1.0,0.00931977562996682,80.0,160.0,0.0,-0.04999091552472462,0.697367026200461,0.02052147910482316,100.0,0.0,0.8807970779778823,1,1,0,1,1,0.0463502106741171,0.0647489963178252,638.4760052029369,0.24301348702078376,280.0,0,400.0,435.4726357453942,14.736173801981934,15.12885982946985,44.32928853249688,0.6987810429249146,0.7153356233606492,,,,,,14.406360501274511,0.96,1,0.03542710893379485,140,QTcF,train
113.63636363636363,528.0,50.00000000000004,78.4828360570358,0.5764705882352941,1.203921568627451,0,6,0,0.18987503012193205,0.0,1.0,0.0022826596318684944,80.0,160.0,0.0,-0.1801715496395675,0.3500276719612818,-0.02435955209350267,100.0,0.0,0.8807970779778823,1,1,0,1,1,0.08046649087767002,-0.03897907877633511,-73.22133657775092,-0.009311398012029126,280.0,1,400.0,494.8976031599527,7.7880721741325445,-0.21361525357480016,-1.601473595991102,-0.027947347788729267,0.999609396590276,,,,,,6.744387694654347,0.894887753893087,1,0.03080142850100938,38,QTcF,train
60.484116822145,992.0,20.000000000000018,14.3443368616329,0.9919354838709677,,0,3,0,0.014361570746528734,0.0,1.0,0.08378158557668602,80.0,160.0,0.0,-0.36872151789923235,0.5373718106727954,-0.04619947328007714,100.0,0.0,0.9024694489783194,1,1,0,1,1,0.11528019343403467,0.019944571222336553,425.5271808850328,0.1478427225266533,280.0,0,400.0,401.0727534737923,22.163612273403132,-14.281503217259853,-32.44575491151942,-0.5365008822598842,0.8438997590557576,,,,,,12.84304303538276,0.96,1,0.03504089986563683,11,QTcF,train
77.03718354430379,779.0,52.00000000000004,31.747265849028448,0.9602053915275994,,0,6,0,0.04040806005391827,0.0,1.0,0.1069396468891779,80.0,160.0,0.0,-0.061289647723077476,0.8253215049475906,-0.04950832841680512,100.0,0.0,0.9820137900379085,1,1,0,1,1,0.00910437186750219,-0.053455388633387335,-85.28752024277355,0.06065175980412181,280.0,1,400.0,434.7438204788024,17.368795015767425,15.067013473766806,41.104774659986745,0.6574380406146186,0.7535086082804967,,,,,,11.1016388812146,0.96,1,0.10722495147978821,81,QTcF,train
62.11180124223603,966.0,14.000000000000012,11.981652640600139,0.979296066252588,,0,4,0,0.012375183475108591,0.0,1.0,0.09802696524859661,80.0,160.0,0.0,-0.04615148634610886,0.7956967275749876,-0.006929075546730881,100.0,0.0,0.9525741268224334,1,1,0,1,1,0.03872826617722362,0.012072634245147056,25.971337681204854,0.09205122107606317,280.0,1,400.0,404.63888553241634,18.19569451576686,16.379004423496795,42.90283485175774,0.6807571125147543,0.7325092175260145,,,,,,15.974101781254353,0.96,1,0.06664602146209009,98,QTcF,train
59.05511811023622,1016.0,8.000000000000007,11.666137554139288,0.9862204724409449,,0,2,0,0.011472381773082779,0.0,1.0,0.08978077552865513,80.0,160.0,0.0,-0.12838591256493573,0.7496428124922034,-0.05304858915417381,100.0,0.0,0.9975273768433653,1,1,0,0,1,0.08919121681679404,-0.012190373273296955,130.06828209629754,-0.0007260990328330531,280.0,0,400.0,397.88914276608904,22.53388831809965,-3.095655888947373,-7.575667817668172,-0.13183543220299115,0.991271617073671,,,,,,16.992404004124147,0.96,0,-0.0010124962825955042,28,QTcF,train
50.76142131979696,1182.0,20.000000000000018,24.471557834701574,0.9746192893401014,,0,2,0,0.020564334314875272,0.0,1.0,0.039934027124037735,80.0,160.0,0.0,0.01759761639827841,0.679599537481106,0.111066939414845,100.0,0.0,0.9241418199787566,1,1,0,0,1,0.09939063227557561,-0.07722915764624033,-4306.558945886228,0.04037769196485489,280.0,0,400.0,378.3155266866761,42.74553524231689,27.450765556544564,32.708180901541446,0.5403604689660978,0.8414336358731679,,,,,,13.47806432207067,0.96,0,-0.02417542345452906,24,QTcF,train
71.09004739336493,844.0,107.99999999999999,170.43589722159,0.36018957345971564,1.0308056872037914,0,6,0,0.22699765388283358,0.0,1.0,0.017402091912023757,80.0,160.0,0.0,-0.06251838937168244,0.5766168234441098,-0.03041024344850734,100.0,0.0,0.9706877692486436,1,1,0,1,1,0.026005115437200785,-0.014265858046151419,133.71880446746283,0.05770531609619892,280.0,1,400.0,423.26514735445625,13.470366772534007,5.969849240267096,25.39687206578193,0.4288858172053636,0.9033587082660395,,,,,,11.000673748715116,0.96,1,0.026802884614485746,165,QTcF,train
90.7717659983521,661.0,6.000000000000005,5.656854249492385,0.9803328290468987,,0,6,0,0.008570991287109675,0.6464319817998156,1.0,0.06454094746879688,80.0,160.0,0.0,-0.086273897670965,0.6033525657896321,-0.02485329072489479,100.0,0.0,0.991160103222561,1,1,0,0,1,0.015936748156755658,-0.014718178360371023,180.79522659205554,0.05413071695898486,280.0,1,400.0,459.190673936954,16.57529632624292,-1.7461931850632242,-6.192672616172361,-0.10787221586536537,0.9941647675532944,,,,,,11.885896996673624,0.96,1,0.04603255373529409,114,QTcF,train
51.369863013698634,1168.0,325.99999999999994,135.07094432186366,0.9652777777777778,1.1956018518518519,0,4,0,0.15786342405313258,0.0,1.0,0.05830873919975242,80.0,160.0,0.0,-0.05169591436838898,0.7373802560478417,-0.048073628840437976,100.0,0.0,0.9706877692486436,1,1,0,1,1,0.04988295755417411,-0.006115397196228181,259.9240421530366,0.10237736029699306,280.0,0,400.0,379.82106198575224,19.454084756783757,8.036543657336342,22.34688286003017,0.3802130947663495,0.9248989147837697,,,,,,13.004372573399941,0.96,1,0.02038479764929318,132,QTcF,train
53.66726296958855,1118.0,21.999999999999797,27.91167727663564,0.960644007155635,,0,4,0,0.024881645749774244,0.0,1.0,0.0415407221571143,80.0,160.0,0.0,-0.06766064654690329,0.6941101572540223,0.04558683126812351,100.0,0.0,0.8807970779778823,1,1,0,0,1,0.03144167991343811,0.06709626963136425,276.278129970333,0.20384819889661457,280.0,1,400.0,385.4008990943163,15.77684073997665,8.86688436237928,29.331723474815412,0.4898652232289354,0.871798177946516,,,,,,14.104063914187572,0.96,1,0.03724094777212954,128,QTcF,train
66.66666666666667,900.0,6.000000000000005,10.139522540799053,0.9888888888888889,,0,5,0,0.011229837691178976,0.0,1.0,0.051333545273017325,80.0,160.0,0.0,-0.03507707298851446,0.8772356326772602,-0.020600853590689076,100.0,0.0,0.9241418199787566,1,1,0,0,1,0.0839118203634375,-0.020878365243221328,-2.27328336262194,0.11001330765407907,280.0,0,400.0,414.29766746051456,12.070736636086833,26.491231541073812,65.50360535563406,0.9099873637826859,0.41463598222517756,,,,,,15.467972310290856,0.96,1,0.010086087478076572,3,QTcF,train
69.60556844547564,862.0,8.000000000000007,6.138888369503325,0.988399071925754,,0,3,0,0.007108186533109114,0.0,1.0,0.01558896313703423,80.0,160.0,0.0,-0.12291164505826088,0.11439227533961352,-0.001956468928730519,100.0,0.0,0.9525741268224334,1,1,0,1,1,0.04348768258544214,0.005922921384018944,205.97965836499264,0.04712669547901545,280.0,1,400.0,420.29823805133884,18.32143948442947,-4.007533740519756,-12.151834427869467,-0.21050305934118638,0.9775931986301873,,,,,,1.3186542644448183,0.7863730852888964,1,0.01055467569327951,126,QTcF,train
90.63444108761328,662.0,80.00000000000007,42.540647229052226,0.86404833836858,,0,6,0,0.06568969615357045,0.5817673130103127,1.0,0.020290667150190518,80.0,160.0,0.0,-0.11834670293066157,0.8231094141221725,-0.043268878294229776,100.0,0.0,0.8807970779778823,1,1,0,1,1,0.014364964085818438,-0.00023879178819263824,370.1288800866783,0.23555822929478526,280.0,0,400.0,458.959110152115,-1.7203527154954108,17.229563360024358,95.61156894038295,0.9952076761355896,-0.09778385020441482,,,,,,15.320542775677882,0.96,1,0.019075476218601332,117,QTcF,train
102.73972602739727,584.0,418.00000000000006,287.1846096154876,0.3073047858942065,2.491183879093199,0,7,0,0.46420331427445544,0.0,1.0,-0.0009581637046464225,80.0,160.0,0.0,-0.022425970413264246,0.029687983172326238,-0.022425970413264246,100.0,0.0,0.9933071490757153,1,1,0,1,1,0.04424645393575517,-0.06065676343032908,-38.6186901465029,0.16403816174899727,280.0,1,400.0,478.54455118927456,1.253344039603654,1.8954477570977335,65.25178553276852,0.9081562202557332,0.4186314364818058,,,,,,-2.3505899938838235,0.7129882001223236,1,-0.00933068464805803,90,QTcF,train
57.80346820809248,1038.0,66.00000000000006,48.72599123899099,0.9383429672447013,,0,4,0,0.04649426644941888,0.0,1.0,0.09031717061448546,80.0,160.0,0.0,-0.09442594938301692,0.7409433245266788,-0.0024945168539565465,100.0,0.0,0.8807970779778823,1,1,0,1,1,0.04339887379022661,-0.0041600820650529655,176.0020250765532,0.0597595780707191,280.0,0,400.0,395.0580115733,6.881889076238003,15.686384492874117,65.60726736003336,0.9107360513820983,0.4129889159686297,,,,,,16.567013280043124,0.96,1,0.01499841200951409,71,QTcF,train
70.4225352112676,852.0,62.00000000000006,176.3659831146585,0.4812206572769953,0.7781690140845071,0,5,0,0.21617517827646426,0.0,1.0,0.020364081405792156,80.0,160.0,0.0,-0.04385604958101777,0.815547507534,0.002724438515038216,100.0,0.0,0.8807970779778823,1,1,0,0,1,0.0728965168442964,0.06745854087620101,704.7906598911401,0.29364494679531716,280.0,0,400.0,421.9362056482966,12.401062817810871,16.91785589913775,54.560257671577155,0.8147257902733407,0.5798464336904043,,,,,,11.785161135103912,0.96,1,0.004314880235925593,135,QTcF,train
65.4326977965521,917.0,18.000000000000014,12.713772060250266,0.9814612868047983,,0,5,0,0.01387057828960317,0.0,1.0,0.01982051277640903,80.0,160.0,0.0,-0.2207003280341321,0.31894412991001553,-0.2207003280341321,100.0,0.0,0.995929862284104,1,1,0,1,1,0.041179653731759,-0.016956404533825103,-7339.641501456995,0.5839407001889606,280.0,0,400.0,411.72421997106943,0.08418847994321452,0.2836016167283697,70.29875108436491,0.9414631966904597,0.33711578022599387,,,,,,8.415615650971276,0.9283123130194255,1,0.09155292297333047,104,QTcF,train
81.52173913043478,736.0,36.00000000000003,60.658195379245065,0.8272108843537415,1.0040816326530613,0,7,0,0.09389576227149743,0.0,1.0,0.036594258839322935,80.0,160.0,0.0,-0.01149309939667642,0.33786934732670176,0.012711759172989057,100.0,0.0,0.9820137900379085,1,1,0,1,1,0.05633620570044248,0.04336750545334313,517.7728911931135,0.15658052586899807,280.0,1,400.0,443.03093598303053,17.883386112123336,3.7796773932181993,11.327523829577528,0.1964171907059845,0.9805204165111346,,,,,,0.296998479363716,0.7659399695872743,1,0.0029050980549201605,91,QTcF,train
58.36575875486381,1028.0,28.000000000000025,32.369777094317534,0.9747081712062257,,0,5,0,0.031171409570817227,0.0,1.0,0.03776110233574095,80.0,160.0,0.0,-0.22867439208905543,0.6370856538327951,0.0062349949989701225,100.0,0.0,0.9933071490757153,1,1,0,0,1,0.10697617200463813,0.02029794348940359,298.3798600522143,0.20732889624387857,280.0,0,400.0,396.3348724602214,11.734701512926565,-3.3701897752221606,-16.061926552129627,-0.27667614762709125,0.9609632195532939,,,,,,13.325549544213832,0.96,1,0.026740093173483498,5,QTcF,train
68.64988558352402,874.0,26.00000000000002,14.251576685283958,0.9679633867276888,,0,4,0,0.016367440335991183,0.0,1.0,0.056355412700977006,80.0,160.0,0.0,-0.08488446439311526,0.7854447605542995,-0.0029006701643369964,100.0,0.0,0.9525741268224334,1,1,0,1,1,0.05451494994883323,0.04859328478044468,569.1100981300063,0.25644906787738453,280.0,0,400.0,418.36580506311367,3.020983648028213,13.456000121194029,76.71835194197757,0.9732525082026262,0.22973801443665556,,,,,,16.19433882522012,0.96,1,0.01418725990853456,154,QTcF,train
74.44168734491315,806.0,14.000000000000012,7.500964125358637,0.9801488833746899,,0,6,0,0.00931902025965044,0.0,1.0,0.17076887127254112,80.0,160.0,0.0,-0.036583039278507215,0.8732654169945435,-0.017125163272532995,100.0,0.0,0.9890130573694068,1,1,0,0,1,0.09863448451130352,-0.050834488195869165,-73.14103185611792,0.043592236196556715,280.0,0,400.0,429.8150755243465,13.880057714797594,22.19522618148242,57.39099603754898,0.8423677194277839,0.5389031687288862,,,,,,10.230611505077727,0.96,1,-0.0076550368639485,80,QTcF,train
74.62732746298026,804.0,27.999999999999915,18.204852832875787,0.9626865671641791,,0,3,0,0.022600686322626674,0.0,1.0,0.1430074580025253,80.0,160.0,0.0,-0.08654312758984362,0.7290407255866067,-0.005592660786297596,100.0,0.0,0.8807970779778823,1,1,0,1,1,0.015562500844635343,0.019524301324296653,413.8320146411991,0.09890510947819263,280.0,1,400.0,430.17176918761174,13.567076901207555,13.234992950909122,42.603914929564795,0.6769262644467551,0.7360508355420581,,,,,,15.042853731412919,0.96,1,0.03614153373266414,85,QTcF,train
72.81553398058253,824.0,386.0000000000001,112.72976536833559,0.6795865633074936,1.4031007751937983,0,3,0,0.3597898081442254,0.0,1.0,0.004782755265189051,80.0,160.0,0.0,-0.5668956855484029,0.35832387111698716,-0.5381274141519493,100.0,0.0,0.8175744761936437,1,1,0,0,1,0.060165225658784405,-0.04015697543145784,2694.6628578319614,0.0374596054613953,280.0,0,400.0,426.66228420525584,32.064464841323435,-20.192030149626227,-32.19994753765701,-0.5328755012616726,0.8461936540503723,,,,,,9.189281342479614,0.9437856268495923,0,-0.005946730319226566,51,QTcF,train
163.04347826086956,368.0,182.0,187.0959349876124,0.0,1.4189189189189186,0,11,0,0.46256650346925204,0.0,1.0,0.1210540786449613,80.0,160.0,0.0,-0.024672563135351655,0.5532768307612251,0.10759696746203797,100.0,0.0,0.7310585786300049,1,1,0,1,1,-0.00028203761783885273,-0.004307377186397274,43.25115072065048,0.2395109686957676,280.0,1,400.0,558.1840019996481,11.779837146893223,17.07564185093286,55.131676389481186,0.8204680655354533,0.5716923590852961,,,,,,8.65979771523962,0.9331959543047924,1,0.03550269295431291,103,QTcF,train
86.33111398191394,695.0,6.000000000000005,3.502185906323221,0.99568345323741,,0,5,0,0.0050329093295550294,0.0,1.0,0.21411649629274343,80.0,160.0,0.0,-0.24532227671437268,0.5703653282820849,-0.006502229254590382,100.0,0.0,0.995929862284104,1,1,0,1,1,-0.0020108116666845595,0.0003380287808103302,273.84140042289556,0.11364710910304063,280.0,1,400.0,451.5771132070214,19.551886870141413,-18.89239382392404,-43.24379426512291,-0.6851040960791311,0.7284451781263959,,,,,,12.67944723508808,0.96,1,0.029823474753206812,65,QTcF,train
65.50218340611353,916.0,6.000000000000005,8.809086218218104,0.9912663755458515,,0,2,0,0.009575093715454461,0.0,1.0,0.06491926734008657,80.0,160.0,0.0,-0.02159057315294002,0.877244103300614,-0.0013687890188482203,100.0,0.0,0.9241418199787566,1,1,0,1,1,0.09698721211904908,-0.03157420302834199,-77.84977527783235,0.005789883289507126,280.0,0,400.0,411.8712711562167,19.78032877359501,22.482934812810246,49.209309588267885,0.757101215377302,0.6532975965624029,,,,,,14.866626329699864,0.96,1,0.03810835474457429,29,QTcF,train
130.09345794392522,463.99999999999994,318.0,315.2672517087685,0.40217391304347827,1.7744565217391306,0,9,0,0.5148323393989406,0.0,1.0,0.046283793877524744,80.0,160.0,0.0,-0.0570014099201684,0.2229979380627401,-0.024411003657026822,100.0,0.0,0.9907305057004925,1,1,0,1,1,0.040372266381564215,-0.00730433349247126,21.28800706617703,0.17292798372104018,280.0,1,400.0,517.3726934037609,12.13372241403508,9.107053882555707,45.62800448080416,0.7148145690042285,0.6993140438596233,,,,,,10.78204229541142,0.96,1,0.011070787910274053,181,QTcF,train
61.22474479277298,980.0,16.000000000000014,8.39047078536122,0.9877551020408163,,0,4,0,0.008561704883021652,0.0,1.0,0.04952823720398848,80.0,160.0,0.0,-0.3098315859188225,0.5227282310168452,-0.06661572017093861,100.0,0.0,0.9946185056799096,1,1,0,1,1,0.06275517065602297,-0.0042595344090340225,497.4448692217584,0.048050010198825585,280.0,1,400.0,402.70315740807837,9.315779314926488,-3.861852527863318,-22.43065510421248,-0.3815649839608138,0.9243420162553382,,,,,,15.470796067462693,0.96,1,0.04692994630466448,107,QTcF,train
121.95121951219512,492.0,480.00000000000006,275.8469785144575,0.09777777777777777,2.888888888888889,0,9,0,0.5889147712929209,0.0,1.0,0.11413190061796641,80.0,160.0,0.0,-0.10515532605194615,0.5881588105852557,-0.017068770291449237,100.0,0.0,0.9890130573694068,1,1,0,1,1,0.011560739420815966,-0.005126442999561311,149.7592365619066,0.15628593159708976,280.0,0,400.0,506.6852833433063,14.430709941256106,0.09886464147289398,0.33181898671972193,0.00579130146582525,0.9999832302730541,,,,,,9.855542042614193,0.9571108408522839,1,0.035605788252304656,151,QTcF,train
71.25890736342043,842.0,10.000000000000009,39.34337080686251,0.8622327790973872,,0,4,0,0.04723609243347387,0.0,1.0,-0.006824888448450209,80.0,160.0,0.0,-0.3841858203517335,0.20971851373823786,-0.13467809464306119,100.0,0.0,0.995929862284104,1,1,0,0,1,0.0785501478079285,0.05863706898984209,1394.2081415599064,0.23727672821964485,280.0,0,400.0,423.60000916133885,2.0054176817400693,-7.045630753053837,-73.91940429025114,-0.9608730168648549,0.2769892515261777,,,,,,9.335466057255367,0.9467093211451074,1,0.018213359952424617,8,QTcF,train
59.642147117296226,1006.0,82.00000000000007,60.555243373303334,0.928928928928929,1.0280280280280278,0,3,0,0.0639081999479832,0.0,1.0,-0.011909803195510826,80.0,160.0,0.0,-0.0680741227565809,0.7596710436921665,-0.05327163043870842,100.0,0.0,0.9525741268224334,1,1,0,1,1,0.014515078058800574,-0.02031665772403843,185.0458860439184,0.14480406946967028,280.0,1,400.0,399.2031851409471,14.5594588681432,14.472179693629087,44.662576964209734,0.7029302904394547,0.7112587481238484,,,,,,15.65483301476581,0.96,1,0.034725800167602204,199,QTcF,train
114.94252873563218,522.0,570.0000000000001,278.8565573764346,0.18150684931506847,0.8801369863013697,0,5,0,0.5648322686665238,0.0,1.0,0.07073100904671466,80.0,160.0,0.0,-0.0289760526566038,0.854307979826397,0.007484149406444138,100.0,0.0,0.9933071490757153,1,1,0,0,1,0.029187952831902696,0.022171191618812376,330.41452166141994,0.17897837792687524,280.0,0,400.0,496.7865436199133,3.363803894136548,17.436880715574002,77.23144240669184,0.9752707874144181,0.22101332814122537,,,,,,13.212902263841283,0.96,1,0.012751791188405682,186,QTcF,train
89.55303678357569,670.0,22.00000000000002,18.196209517817884,0.9582089552238806,,0,7,0,0.027181704358669477,0.5975802610502559,1.0,0.055618176159661276,80.0,160.0,0.0,-0.06702951160836776,0.8263390449002255,-0.02413227718682593,100.0,0.0,0.8807970779778823,1,1,0,0,1,0.026709431768783327,0.020598126787051176,352.6257614488144,0.08618979851193889,280.0,0,400.0,457.12599333185767,15.281655248953339,16.427253093713077,46.21147894049109,0.7218988812484516,0.6919985587067605,,,,,,15.856145201677574,0.96,0,-0.012970587366811103,70,QTcF,train
209.0617715617716,200.0,374.0,195.9605386274687,,,0,13,0,0.9769767424166079,0.7043125093990771,1.0,0.21206291479595543,80.0,160.0,0.0,-0.012150108472999535,0.5862123826899621,0.07040857641211082,100.0,0.0,0.9820137900379085,1,1,0,0,1,0.08571519667954557,-0.018151039611089742,-5288.058771956808,0.18626432762474254,280.0,1,400.0,606.4111771211748,49.92172513940255,-13.468750304169308,-14.129559480213942,-0.24411534626176484,0.969746202735282,,,,,,9.032408110905287,0.9406481622181058,1,0.0029485351932307946,116,QTcF,train
97.7198697068404,614.0,32.00000000000003,149.15799229899372,0.3127035830618893,0.6644951140065147,0,7,0,0.2601960978223938,0.0,1.0,0.09347828530294797,80.0,160.0,0.0,-0.048136754922762315,0.24139113011886015,-0.02938886649129796,100.0,0.0,0.9890130573694068,1,1,0,1,1,0.027353012580487154,-0.005624467170581203,108.95728278067322,0.10311059202185806,280.0,1,400.0,470.6201677251917,10.700698643915677,6.3911898900174275,28.632851285638036,0.47919518226788377,0.8777083668800529,,,,,,-1.9075805948777693,0.7218483881024447,1,-0.05731985750577839,121,QTcF,train
65.71749395370264,913.0,14.000000000000012,14.506550244630885,0.972617743702081,,0,3,0,0.01588192494485536,0.0,1.0,0.08227422387375279,80.0,160.0,0.0,-0.014112867381346247,0.7523280662516746,0.036244065665221877,100.0,0.0,0.9820137900379085,1,1,0,0,1,0.015491025054953405,0.03854636191526546,398.1618360687072,0.23891622190942752,280.0,1,400.0,412.3220064602828,21.814210366623684,13.2080884053016,31.23545361469158,0.5185561944364456,0.8550435504765773,,,,,,9.518122979896223,0.9503624595979245,1,0.020214633451248402,118,QTcF,train
65.35978735523068,918.0,6.000000000000005,9.789790600416342,0.9825708061002179,,0,5,0,0.010659615200801767,0.0,1.0,0.0773029711541163,80.0,160.0,0.0,-0.04949521385521083,0.8345208962739967,-0.005715437708602658,100.0,0.0,0.8175744761936437,1,1,0,1,1,-0.007144291202956923,-0.011751336724991276,5.241144407729017,0.10780874964576953,280.0,1,400.0,411.5723801184936,16.35395140526513,16.15376953510131,44.88904495989783,0.7057361221235977,0.7084747884928203,,,,,,17.920037112356578,0.96,1,0.034832542311574205,102,QTcF,train
56.497175141242934,1062.0,36.00000000000003,26.733250207684584,0.9529190207156308,,0,4,0,0.025299605874780366,0.0,1.0,0.05360689803592258,80.0,160.0,0.0,-0.09543340845149353,0.8577970968857086,-0.0347418725090049,100.0,0.0,0.8807970779778823,1,1,0,1,1,0.07647470901901234,-0.03070610430465591,105.50109924936172,0.05426474875394442,280.0,0,400.0,392.0593531796011,8.777074567983584,21.524526117176798,68.10495408889918,0.9278685008798395,0.3729075556689611,,,,,,17.62666061101393,0.96,1,0.013211687676228141,67,QTcF,train
397.36842105263156,99.0,176.0,92.48817191269501,0.0,3.1022727272727275,0,34,0,0.9476986119576697,0.0,1.0,-0.00967853786316028,80.0,160.0,0.0,-0.05207401673302134,0.09854895999024689,-0.01565846017966478,100.0,0.0,0.9994472213630764,1,1,0,1,1,-0.0008421471946858522,-0.007579612168053177,1.2343718014872258,0.032550128329608484,280.0,0,400.0,751.170588336727,5.845891724060062,6.357181934857706,52.889794083683796,0.7974764686379883,0.6033500492820763,,,,,,3.8061836695885374,0.8361236733917707,1,-0.008713523975646984,169,QTcF,train
68.96551724137932,870.0,46.00000000000004,46.97669547079031,0.9149425287356322,,0,4,0,0.0527181850825029,0.0,1.0,-0.019027363914957907,80.0,160.0,0.0,-0.0629812230992339,0.7485341357868006,-0.020603949118174585,100.0,0.0,0.8175744761936437,1,1,0,1,1,0.01755897668364549,0.038017159917523385,640.2736519743567,0.24951621147315925,280.0,0,400.0,419.00599857138724,10.454567075736668,12.87944192231102,50.890498200678515,0.7759418065809146,0.6308044964962969,,,,,,15.900318231735922,0.96,1,0.018702111230378377,167,QTcF,train
75.0,800.0,18.000000000000014,216.95253482470287,0.25,,0,6,0,0.3137244663760998,0.0,1.0,0.18452162303754122,80.0,160.0,0.0,-0.051799878637722355,0.7371531464965939,-0.006754795951222876,100.0,0.0,0.8807970779778823,1,1,0,0,1,0.008404769762690181,0.056009470546047095,475.8088393923726,0.1872908867526025,280.0,1,400.0,430.88693800637674,14.387172149107357,11.674006546915148,39.05648744345213,0.6300862669699739,0.7765251420114114,,,,,,9.342144551945049,0.946842891038901,1,-0.03823082982745235,77,QTcF,train
63.42523063720232,946.0,15.999999999999904,15.498387012847468,0.9577167019027485,,0,6,0,0.016470124349465962,0.0,1.0,0.07097022942902723,80.0,160.0,0.0,-0.020822852020980092,0.6331191370000292,-0.020822852020980092,100.0,0.0,0.5612296656009272,1,1,0,1,1,0.04288798154519845,-0.013161316132867066,32.54494544008132,0.0561748314202195,280.0,0,400.0,407.47100509933676,19.736826804081808,14.672113238700174,37.55973268286664,0.6095881942700669,0.792718256006861,,,,,,14.015831757511139,0.96,1,0.0364261331609205,179,QTcF,train
54.05405405405405,1110.0,49.99999999999982,36.169696067015025,0.954954954954955,,0,2,0,0.03216672575129795,0.0,1.0,0.026297289925137274,80.0,160.0,0.0,-0.2106249612773579,0.33193382414539735,-0.013445803955433683,100.0,0.0,0.9890130573694068,1,1,0,0,1,0.06207210351381399,0.023117368952859145,320.92901549422254,0.2360518733057329,280.0,0,400.0,386.32457164828355,7.138359254862696,-4.8158684810489625,-34.85715482541174,-0.5715324126832696,0.8205794911234626,,,,,,7.8962596500998234,0.9179251930019965,1,0.01558039524997413,12,QTcF,train
48.74089325308837,1230.9999999999998,22.00000000000002,15.03329637837292,0.966693744922827,,0,3,0,0.012282104884291602,0.0,1.0,0.08578463086963743,80.0,160.0,0.0,-0.09597631656811736,0.8662824790513174,0.04393686747269071,100.0,0.0,0.8175744761936437,1,1,0,1,1,-0.06962525668082056,0.09871730432004272,1038.2399758893257,0.3998165839293065,280.0,1,400.0,373.2278451351259,24.4746913735458,20.32392402934486,39.99330826177696,0.6426981367777678,0.7661195109004767,,,,,,14.802570712399557,0.96,1,-0.019660082164232658,41,QTcF,train
52.67880267880268,1138.9999999999998,29.999999999999805,287.74370106050975,0.2439024390243903,0.85801393728223,0,6,0,0.2592004602161736,0.0,1.0,0.03603888735813331,80.0,160.0,0.0,-0.051600280330067326,0.78050248566377,0.01577794161167209,100.0,0.0,0.8807970779778823,1,1,0,0,1,0.030564376612377916,0.022404473867362978,302.83671396468003,0.2926659247231238,280.0,1,400.0,383.0192572692889,21.895910324553935,19.2159022956629,41.90618529145113,0.6679129027655556,0.7442394468981669,,,,,,15.10272676356551,0.96,1,0.020375130645617717,172,QTcF,train
59.7609561752988,1004.0,32.00000000000003,28.6761396923352,0.946215139442231,,0,2,0,0.028823459596941794,0.0,1.0,-0.03013950428920353,80.0,160.0,0.0,-0.12163625797064834,0.6620186736406313,-0.06607581183063427,100.0,0.0,0.9241418199787566,1,1,0,0,1,0.02282308045330339,-0.021058564557360965,274.1224178369549,0.13527235039861277,280.0,1,400.0,399.4680844788956,-8.634877978478144,9.096783535607836,133.58975058621036,0.7242952131434287,-0.6894899884824399,,,,,,16.00717977768442,0.96,1,0.025681241236587535,174,QTcF,train
92.74655963302752,647.0,138.0,93.42569239775533,0.7714285714285714,1.2825396825396826,0,6,0,0.22275231189560266,0.0,1.0,0.008460564192791488,80.0,160.0,0.0,-0.022192107615386245,0.4578898023155501,-0.016567647090199436,100.0,0.0,0.9024694489783194,1,1,0,1,1,-0.016085450067418988,-0.010758342762043252,100.64172863906524,0.02082158355332393,280.0,1,400.0,462.4909036517903,12.447814075898744,8.307815986207682,31.975478785537153,0.5295562715416204,0.8482748111732056,,,,,,9.012230012916367,0.9402446002583273,1,0.016612684115048112,88,QTcF,train
71.77033492822967,836.0,107.99999999999999,60.604666650636,0.8851674641148326,,0,6,0,0.07312980837615138,0.0,1.0,0.09920794382546771,80.0,160.0,0.0,-0.02106387877973373,0.924581089345642,0.0010799788639959534,100.0,0.0,0.9820137900379085,1,1,0,1,1,0.05080806317656412,0.03972930800002253,377.1997863965772,0.27799113409022813,280.0,0,400.0,424.6109915379815,13.244873224480413,19.030731784401713,54.79494766137573,0.8170940653889435,0.5765043697199258,,,,,,16.74927299675623,0.96,1,0.047200052311823414,63,QTcF,train
64.25868593051256,933.9999999999999,67.99999999999994,36.902032464350775,0.9207708779443255,,0,7,0,0.04016329175484412,0.0,1.0,0.05028461424754976,80.0,160.0,0.0,-0.05355164706704943,0.7628860697696731,0.017702792041450824,100.0,0.0,0.9024694489783194,1,1,0,0,1,-0.021003688005327044,0.011441576659046668,225.92337188447988,0.16703788603689523,280.0,1,400.0,409.2349266377563,11.259482897181911,16.435497187179962,54.76846557629627,0.8168275180450922,0.5768819686593563,,,,,,16.117595157371195,0.96,1,-0.01605133683791797,40,QTcF,train
62.37033195020747,962.0,24.00000000000002,15.347964034359716,0.9667359667359668,,0,5,0,0.016050997735159712,0.0,1.0,0.12184766321366641,80.0,160.0,0.0,-0.1462360695819194,0.7991454132680048,-0.05044211456131107,100.0,0.0,0.976350779643276,1,1,0,1,1,0.1304047799297121,-0.03823966486154255,10.28477768824634,-0.027628575111017545,280.0,0,400.0,405.1993292626279,17.40138260820534,-5.283225847999239,-17.698536535831824,-0.30400872769123954,0.9526692466368135,,,,,,8.257137647684017,0.9251427529536803,1,0.06155517543033799,61,QTcF,train
67.26457399103138,892.0,126.0,86.34545263117593,0.7937219730941704,,0,4,0,0.10050793427967569,0.0,1.0,0.003295492097956352,80.0,160.0,0.0,-0.026719494018853304,0.6904164214949007,-0.019819455578891566,100.0,0.0,0.9525741268224334,1,1,0,1,1,0.007568848931361338,0.001417484356352458,209.24100116390346,0.1108871278893525,280.0,0,400.0,415.5325411344918,8.661524494520577,16.286003641722054,61.22589505394601,0.8765243210147938,0.48135757464649365,,,,,,13.900107883327031,0.96,1,-0.003897865285870279,195,QTcF,train
260.8695652173913,211.00000000000003,60.0,149.4310012770482,0.0,2.5876288659793816,0,19,0,0.7513178090758252,0.0,1.0,-0.11620467359537955,80.0,160.0,0.0,-0.223596711344049,0.4076607611355506,-0.13905564324373929,100.0,0.0,0.9241418199787566,1,1,0,1,1,0.06059219292368588,0.012960568055434593,1073.8464413783438,0.16116524113236996,280.0,1,400.0,652.8559692134468,-3.1217015809411195,1.1501158342229558,165.82689469970487,0.2448523001943219,-0.9695603906356477,,,,,,8.519539001659,0.93039078003318,1,-0.041864087617777164,35,QTcF,train
77.31958762886597,776.0,120.0,191.15742203744014,0.3247422680412371,0.9523195876288659,0,5,0,0.2370387783693001,0.0,1.0,-0.00928252504722431,80.0,160.0,0.0,-0.1891732814862138,0.6375333603670232,-0.031696052990566055,100.0,0.0,0.9241418199787566,1,1,0,1,1,0.023161411737250295,-0.0016768217767606924,401.0235872764702,0.2808235607851547,280.0,1,400.0,435.2840471927458,-3.683544414876227,6.678324733846164,119.5244285762045,0.870145667579552,-0.4927945993946521,,,,,,13.843052684263546,0.96,1,-0.00222448569791207,148,QTcF,train
57.42052705999575,1045.0,50.00000000000004,26.266661379018107,0.9741626794258375,,0,3,0,0.024950521376412352,0.0,1.0,0.0525062124498398,80.0,160.0,0.0,-0.2387159272977547,0.5232112439830925,0.018424595455609077,100.0,0.0,0.991160103222561,1,1,0,0,1,-0.00831891611220923,0.01552124426414621,272.92710249389955,0.16579840806528187,280.0,1,400.0,394.18042492644975,20.281965535838836,-13.558781881673323,-34.53031134633673,-0.56684214742324,0.8238264258353272,,,,,,9.274409047578388,0.9454881809515678,1,0.03448012040115886,79,QTcF,train
72.28915662650603,830.0,29.999999999999915,24.790027320385384,0.9566265060240965,,0,3,0,0.029867502795645044,0.0,1.0,0.11610476126512646,80.0,160.0,0.0,-0.17674414360898538,0.45015754998782,0.0012186891569180465,100.0,0.0,0.998498817743263,1,1,0,0,1,0.012681106721065986,0.025271440260427578,400.61565266913607,0.24519891999341606,280.0,1,400.0,425.6316949642374,9.766411501892609,6.945931581377386,22.172544369687802,0.3773970744671066,0.9260515364620207,,,,,,8.984582130292724,0.9396916426058545,1,0.031172736374616053,17,QTcF,train
64.52090338515048,929.9999999999999,81.99999999999996,56.771823997472545,0.8946236559139785,,0,5,0,0.06181601045020966,0.0,1.0,0.010231191055831888,80.0,160.0,0.0,-0.05708528119393953,0.7155184041573787,-0.0027746765872159475,100.0,0.0,0.8807970779778823,1,1,0,1,1,0.021537112420777327,0.045921980607006134,488.51700513514425,0.2760165402644113,280.0,0,400.0,409.800814141469,15.25435385967376,10.720482436901005,36.41068930960509,0.5935690401981464,0.8047830729570865,,,,,,15.342407542321592,0.96,1,0.02978984495472181,187,QTcF,train
65.35978735523068,918.0,30.00000000000003,18.771254619763674,0.9694989106753812,,0,5,0,0.020443535852498012,0.0,1.0,0.0657641057132901,80.0,160.0,0.0,-0.1557586066578006,0.6878074307784378,0.03906435919442713,100.0,0.0,0.991160103222561,1,1,0,0,1,0.0362127381948565,0.0297569431239655,117.82412022815461,0.20123405028632593,280.0,1,400.0,411.5723801184936,9.816517590733284,10.071326451093638,43.95993774446753,0.6941552251615964,0.7198253422746752,,,,,,11.154361168067586,0.96,1,0.010452603385276277,2,QTcF,train
83.56545961002786,718.0,14.000000000000012,8.623622435225558,0.9805013927576601,,0,4,0,0.01201576545101096,0.0,1.0,0.059109517332940696,80.0,160.0,0.0,-0.0642394386051914,0.8535047699418454,8.553589650174206e-05,100.0,0.0,0.9706877692486436,1,1,0,1,1,0.01178968595752962,-0.011398074405871997,84.87415240780032,0.05642720395801091,280.0,0,400.0,446.70263050248917,9.398491739745861,16.798954701909544,60.873446964502094,0.8735467429660838,0.4867402673432174,,,,,,16.631136858637575,0.96,1,0.012339224950217376,14,QTcF,train
88.23529411764706,680.0,33.99999999999992,27.285340311573286,0.9529411764705882,,0,7,0,0.04002459811001949,0.5393299853360984,1.0,0.030333088287735156,80.0,160.0,0.0,-0.07449387597042068,0.8563463261237954,-0.0001986128687235726,100.0,0.0,0.8175744761936437,1,1,0,1,1,0.01109309951484417,0.04032656315967276,296.04862584035544,0.13829927333141367,280.0,0,400.0,454.8732039051906,20.73365869292764,19.639238871727457,43.502041380292965,0.6883804194806017,0.7253498452992948,,,,,,15.573274953674474,0.96,1,0.011132908594433508,87,QTcF,train
59.05511811023622,1016.0,142.0000000000001,75.17748546598017,0.8877952755905512,,0,5,0,0.07405838104135526,0.0,1.0,0.06128023205919012,80.0,160.0,0.0,-0.04375252062099089,0.5118028470049814,0.002553651401936599,100.0,0.0,0.8807970779778823,1,1,0,0,1,0.006965676687251381,0.010627515550355637,54.89226833946224,0.13812415957167568,280.0,1,400.0,397.88914276608904,12.819295424003263,6.673850100848703,26.579004345250105,0.4474314009505713,0.8943182551214132,,,,,,10.61026936346165,0.96,1,-0.01081373640448019,122,QTcF,train
79.15567282321899,758.0,4.0000000000000036,4.654746681256318,0.9947229551451188,,0,4,0,0.00613273607543652,0.0,1.0,0.03102119402742565,80.0,160.0,0.0,-0.06903310101208303,0.846541469901912,-0.04830883212090398,100.0,0.0,0.7310585786300049,1,1,0,1,1,0.15388191668469015,0.002496475662654679,243.81472682902523,0.06125573388818996,280.0,1,400.0,438.70264831518676,12.419565345901605,27.45451843070938,65.66780993737008,0.9111719347494688,0.41202634057170395,,,,,,11.845445343522016,0.96,1,0.006602985925810099,18,QTcF,train
53.957009073705656,1112.0,12.00000000000001,9.273618495495652,0.9892086330935251,,0,2,0,0.008339584977963716,0.0,1.0,0.05427969587279444,80.0,160.0,0.0,-0.1307771721193738,0.797737503966342,-0.04724596498399177,100.0,0.0,0.9241418199787566,1,1,0,1,1,0.0843219257379535,-0.03215760416048877,56.24919936435977,-0.030638441492111847,280.0,0,400.0,386.093100742528,11.95151409981898,11.864007675756838,44.77824123955952,0.704364691149447,0.7098382786677147,,,,,,18.45246763963061,0.96,1,0.021683886029827862,54,QTcF,train
291.289592760181,197.0,224.0,117.07773569302555,0.0,2.873134328358209,0,21,0,0.8041248483003338,0.0,1.0,0.012757876932078915,80.0,160.0,0.0,-0.04207348191277293,0.293445188608103,-0.011261346062944563,100.0,0.0,0.9924714598267554,1,1,0,1,1,0.010988884090490533,0.023811156469409577,765.443022211168,0.23169090501997558,280.0,1,400.0,677.2983464333129,8.356567163548206,9.595099643952718,49.64840682053791,0.7620856052258775,0.6474762777951854,,,,,,8.050151867328246,0.921003037346565,1,-8.233422561358368e-05,178,QTcF,train
153.36821451929364,266.0,754.0,295.86018657467247,0.0,4.775147928994082,0,9,0,0.9024126701473613,0.0,1.0,0.1589648335998693,80.0,160.0,0.0,-0.10118533769513377,0.5648166679309665,0.011166592291251165,100.0,0.0,0.8175744761936437,1,1,0,1,1,0.01738025461269735,0.006193511388889399,390.6924660218632,0.19936689963218782,280.0,1,400.0,536.1531957129139,10.951365632967628,17.59617360926323,54.7075085433715,0.8162133106223338,0.5777506655668426,,,,,,10.022136572422607,0.96,1,0.04248971713632793,176,QTcF,train
80.21390374331551,746.0,542.0,290.47314658826707,0.0,1.6746987951807228,0,4,0,0.6428308383186775,0.0,1.0,0.12380038295654061,80.0,160.0,0.0,-0.2852086317660681,0.3486330916968161,0.019457935705840423,100.0,0.0,0.9820137900379085,1,1,0,1,1,-0.010592891412926797,0.052896794881224216,1978.7811799122446,0.19817422934379317,280.0,1,400.0,440.6490032059689,-2.4399721546780104,-0.821933618628677,-120.79280252508202,-0.8590242127910414,-0.5119349586019026,,,,,,5.860786257976134,0.8772157251595227,1,0.018099087879295414,108,QTcF,train
59.880239520958085,1002.0,2.0000000000000018,100.69536014909303,0.6806387225548902,0.848303393213573,0,3,0,0.09956920757635618,0.0,1.0,0.026130280327823024,80.0,160.0,0.0,-0.09090323399639946,0.46986255062290755,-0.004324937562668614,100.0,0.0,0.9616309480355385,1,1,0,0,1,-0.015625170914406027,0.052037155597214065,637.6250818691478,0.28531504312945194,280.0,1,400.0,399.7336883367227,6.964481436136344,1.870141027466948,14.70855055479046,0.2539022922846445,0.9672298723533114,,,,,,12.898089387363571,0.96,1,0.011715403158837194,72,QTcF,train
978.2608695652174,0.0,8.0,96.69274217276542,,,0,45,0,2.3145271475669054,0.0,1.0,-0.006252193067924919,80.0,160.0,0.0,-0.1645646098926404,-0.011136348700651756,-0.1645646098926404,100.0,0.0,0.9525741268224334,1,1,0,1,1,-0.07417794903626632,-0.2706892511889026,-405.4325142795603,0.12879955943315466,280.0,1,400.0,1001.2149379826785,-1.7482050745395081,-2.501210322558726,-118.73397320487523,-0.8768612637503287,-0.48074351179623476,,,,,,-11.91425968317696,0.5217148063364608,1,0.03937254584010286,45,QTcF,train
50.29369607374723,1193.0,24.00000000000002,13.81801360543549,0.9874266554903603,,0,3,0,0.01158014967981185,0.0,1.0,0.03775886418533762,80.0,160.0,0.0,-0.2077029520594634,0.7572220543658755,0.015404169800177163,100.0,0.0,0.9166856024001578,1,1,0,1,1,0.04362528044908903,-0.0023698144668179945,230.38687650421642,0.04440946235656825,280.0,1,400.0,377.14971776996316,17.225942796712236,6.848684954273426,21.057366169591035,0.35930249713073725,0.93322115040092,,,,,,14.502493264013363,0.96,1,0.0026902002740270036,134,QTcF,train
